,SHOW,SEASON,ETTE_NAME,CONTESTANT,NAME,AGE,ELIMINATION-1,ELIMINATION-2,ELIMINATION-3,ELIMINATION-4,ELIMINATION-5,ELIMINATION-6,ELIMINATION-7,ELIMINATION-8,ELIMINATION-9,ELIMINATION-10,DATES-1,DATES-2,DATES-3,DATES-4,DATES-5,DATES-6,DATES-7,DATES-8,DATES-9,DATES-10,FIR-1,FIR-2,FIR-3,FIR-4,FIR-5,FIR-6,FIR-7,FIR-8,FIR-9,FIR-10,ROSE-1,ROSE-2,ROSE-3,ROSE-4,ROSE-5,ROSE-6,ROSE-7,ROSE-8,ROSE-9,ROSE-10,AGE_DIFF,AGE_DIFF_MEAN_POOL,AGE_DIFF_CAT,SAME_CITY,SAME_STATE,SAME_REGION,SAME_OCCUPATIONGROUP,TOP_THREE,WINNER
0,Bachelorette,14,Becca Kufrin,14_GARRETT_Y,Garrett Yrigoyen,29,R1,,,R,,,R,,,W,0.0,10.0,10.0,1.0,9.0,7.0,1.0,1.0,1.0,1.0,1,0,0,0,0,0,0,0,0,0,0,0,0,1,0,0,1,0,0,0,-1.0,0.8571428571428577,0,0,0,0,0,1,1
1,Bachelorette,14,Becca Kufrin,14_BLAKE_H,Blake Horstmann,28,,R,,,R,,R,,,E,0.0,1.0,10.0,13.0,9.0,7.0,1.0,1.0,1.0,1.0,0,0,0,0,0,0,0,0,0,0,0,1,0,0,1,0,1,0,0,0,0.0,-0.14285714285714235,1,0,0,0,0,1,0
2,Bachelorette,14,Becca Kufrin,14_JASON_T,Jason Tartick,29,,,,,,R,R,,ED,,0.0,0.0,6.0,13.0,9.0,1.0,3.0,1.0,1.0,0.0,0,0,0,0,0,0,0,0,0,0,0,0,0,0,0,1,1,0,0,0,-1.0,0.8571428571428577,0,0,0,0,0,1,0
3,Bachelorette,14,Becca Kufrin,14_COLTON_U,Colton Underwood,26,,,R,,R,R,R,E,,,0.0,10.0,6.0,13.0,1.0,7.0,1.0,1.0,0.0,0.0,0,0,0,0,0,0,0,0,0,0,0,0,1,0,1,1,1,0,0,0,2.0,-2.1428571428571423,2,0,0,1,0,0,0
4,Bachelorette,14,Becca Kufrin,14_WILLS_R,Wills Reid,29,,R,,R,,,ED,,,,0.0,10.0,6.0,1.0,9.0,7.0,3.0,0.0,0.0,0.0,0,0,0,0,0,0,0,0,0,0,0,1,0,1,0,0,0,0,0,0,-1.0,0.8571428571428577,0,0,0,0,0,0,0
5,Bachelorette,14,Becca Kufrin,14_LEO_D,Leo Dottavio,31,,,,,,R,ED,,,,0.0,10.0,10.0,13.0,9.0,1.0,3.0,0.0,0.0,0.0,0,0,0,0,0,0,0,0,0,0,0,0,0,0,0,1,0,0,0,0,-3.0,2.8571428571428577,0,0,0,0,1,0,0
6,Bachelorette,14,Becca Kufrin,14_CONNOR_O,Connor Obrochta,25,,,,,,E,,,,,0.0,8.0,10.0,13.0,9.0,7.0,0.0,0.0,0.0,0.0,0,0,0,0,0,0,0,0,0,0,0,0,0,0,0,0,0,0,0,0,3.0,-3.1428571428571423,2,0,0,0,0,0,0
7,Bachelorette,14,Becca Kufrin,14_LINCOLN_A,Lincoln Adim,26,,,,,,E,,,,,0.0,8.0,10.0,13.0,9.0,7.0,0.0,0.0,0.0,0.0,0,0,0,0,0,0,0,0,0,0,0,0,0,0,0,0,0,0,0,0,2.0,-2.1428571428571423,2,0,0,0,0,0,0
8,Bachelorette,14,Becca Kufrin,14_CHRIS_R,Chris Randone,30,,,R,,,EU,,,,,0.0,8.0,1.0,13.0,9.0,7.0,0.0,0.0,0.0,0.0,0,0,0,0,0,0,0,0,0,0,0,0,1,0,0,0,0,0,0,0,-2.0,1.8571428571428577,0,0,0,0,0,0,0
9,Bachelorette,14,Becca Kufrin,14_JOHN_G,John Graham,28,,,,,E,,,,,,0.0,10.0,10.0,13.0,9.0,0.0,0.0,0.0,0.0,0.0,0,0,0,0,0,0,0,0,0,0,0,0,0,0,0,0,0,0,0,0,0.0,-0.14285714285714235,1,0,0,1,0,0,0
10,Bachelorette,14,Becca Kufrin,14_JORDAN_K,Jordan Kimball,26,,,,,ED,,,,,,0.0,8.0,6.0,13.0,2.0,0.0,0.0,0.0,0.0,0.0,0,0,0,0,0,0,0,0,0,0,0,0,0,0,0,0,0,0,0,0,2.0,-2.1428571428571423,2,0,0,0,1,0,0
11,Bachelorette,14,Becca Kufrin,14_DAVID_R,David Ravitz,25,,,R,,ED,,,,,,0.0,8.0,6.0,13.0,2.0,0.0,0.0,0.0,0.0,0.0,0,0,0,0,0,0,0,0,0,0,0,0,1,0,0,0,0,0,0,0,3.0,-3.1428571428571423,2,0,0,0,0,0,0
12,Bachelorette,14,Becca Kufrin,14_CHRISTON_S,Christon Staples,31,,,,E,,,,,,,0.0,10.0,10.0,13.0,0.0,0.0,0.0,0.0,0.0,0.0,0,0,0,0,0,0,0,0,0,0,0,0,0,0,0,0,0,0,0,0,-3.0,2.8571428571428577,0,0,0,0,0,0,0
13,Bachelorette,14,Becca Kufrin,14_NICK_S,Nick Spetsas,27,,,,E,,,,,,,0.0,8.0,0.0,13.0,0.0,0.0,0.0,0.0,0.0,0.0,0,0,0,0,0,0,0,0,0,0,0,0,0,0,0,0,0,0,0,0,1.0,-1.1428571428571423,2,0,0,0,0,0,0
14,Bachelorette,14,Becca Kufrin,14_JEAN_B,Jean Blanc,31,,R,,ED,,,,,,,0.0,8.0,6.0,13.0,0.0,0.0,0.0,0.0,0.0,0.0,0,0,0,0,0,0,0,0,0,0,0,1,0,0,0,0,0,0,0,0,-3.0,2.8571428571428577,0,0,0,0,0,0,0
15,Bachelorette,14,Becca Kufrin,14_MIKE_R,Mike Renner,27,,,E,,,,,,,,0.0,0.0,10.0,0.0,0.0,0.0,0.0,0.0,0.0,0.0,0,0,0,0,0,0,0,0,0,0,0,0,0,0,0,0,0,0,0,0,1.0,-1.1428571428571423,2,0,0,1,0,0,0
16,Bachelorette,14,Becca Kufrin,14_RYAN_P,Ryan Peterson,26,,,E,,,,,,,,0.0,10.0,10.0,0.0,0.0,0.0,0.0,0.0,0.0,0.0,0,0,0,0,0,0,0,0,0,0,0,0,0,0,0,0,0,0,0,0,2.0,-2.1428571428571423,2,0,0,0,0,0,0
17,Bachelorette,14,Becca Kufrin,14_CLAY_H,Clay Harbor,30,,,EQ,,,,,,,,0.0,8.0,10.0,0.0,0.0,0.0,0.0,0.0,0.0,0.0,0,0,0,0,0,0,0,0,0,0,0,0,0,0,0,0,0,0,0,0,-2.0,1.8571428571428577,0,0,0,1,0,0,0
18,Bachelorette,14,Becca Kufrin,14_ALEX_T,Alex Templeman,31,,E,,,,,,,,,0.0,10.0,0.0,0.0,0.0,0.0,0.0,0.0,0.0,0.0,0,0,0,0,0,0,0,0,0,0,0,0,0,0,0,0,0,0,0,0,-3.0,2.8571428571428577,0,0,0,0,0,0,0
19,Bachelorette,14,Becca Kufrin,14_RICKEY_J,Rickey Jasper,27,,E,,,,,,,,,0.0,10.0,0.0,0.0,0.0,0.0,0.0,0.0,0.0,0.0,0,0,0,0,0,0,0,0,0,0,0,0,0,0,0,0,0,0,0,0,1.0,-1.1428571428571423,2,0,0,0,0,0,0
20,Bachelorette,14,Becca Kufrin,14_TRENT_J,Trent Jespersen,28,,E,,,,,,,,,0.0,10.0,0.0,0.0,0.0,0.0,0.0,0.0,0.0,0.0,0,0,0,0,0,0,0,0,0,0,0,0,0,0,0,0,0,0,0,0,0.0,-0.14285714285714235,1,0,0,1,0,0,0
21,Bachelorette,14,Becca Kufrin,14_CHASE_V,Chase Vergason,27,E,,,,,,,,,,0.0,0.0,0.0,0.0,0.0,0.0,0.0,0.0,0.0,0.0,0,0,0,0,0,0,0,0,0,0,0,0,0,0,0,0,0,0,0,0,1.0,-1.1428571428571423,2,0,0,0,0,0,0
22,Bachelorette,14,Becca Kufrin,14_CHRISTIAN_E,Christian Estrada,28,E,,,,,,,,,,0.0,0.0,0.0,0.0,0.0,0.0,0.0,0.0,0.0,0.0,0,0,0,0,0,0,0,0,0,0,0,0,0,0,0,0,0,0,0,0,0.0,-0.14285714285714235,1,0,0,0,0,0,0
23,Bachelorette,14,Becca Kufrin,14_DARIUS_F,Darius Feaster,26,E,,,,,,,,,,0.0,0.0,0.0,0.0,0.0,0.0,0.0,0.0,0.0,0.0,0,0,0,0,0,0,0,0,0,0,0,0,0,0,0,0,0,0,0,0,2.0,-2.1428571428571423,2,0,0,0,0,0,0
24,Bachelorette,14,Becca Kufrin,14_GRANT_V,Grant Vandevanter,27,E,,,,,,,,,,0.0,0.0,0.0,0.0,0.0,0.0,0.0,0.0,0.0,0.0,0,0,0,0,0,0,0,0,0,0,0,0,0,0,0,0,0,0,0,0,1.0,-1.1428571428571423,2,0,0,0,0,0,0
25,Bachelorette,14,Becca Kufrin,14_JOE_A,Joe Amabile,31,E,,,,,,,,,,0.0,0.0,0.0,0.0,0.0,0.0,0.0,0.0,0.0,0.0,0,0,0,0,0,0,0,0,0,0,0,0,0,0,0,0,0,0,0,0,-3.0,2.8571428571428577,0,0,0,1,0,0,0
26,Bachelorette,14,Becca Kufrin,14_KAMIL_N,Kamil Nicalek,30,E,,,,,,,,,,0.0,0.0,0.0,0.0,0.0,0.0,0.0,0.0,0.0,0.0,0,0,0,0,0,0,0,0,0,0,0,0,0,0,0,0,0,0,0,0,-2.0,1.8571428571428577,0,0,0,0,0,0,0
27,Bachelorette,14,Becca Kufrin,14_JAKE_E,Jake Enyeart,29,EU,,,,,,,,,,0.0,0.0,0.0,0.0,0.0,0.0,0.0,0.0,0.0,0.0,0,0,0,0,0,0,0,0,0,0,0,0,0,0,0,0,0,0,0,0,-1.0,0.8571428571428577,0,0,1,1,0,0,0
28,Bachelorette,13,Rachel Lindsay,13_BRYAN_A,Bryan Abasolo,37,R1,,,R,R,,R,,,W,0.0,0.0,6.0,13.0,1.0,7.0,1.0,1.0,1.0,1.0,1,0,0,0,0,0,0,0,0,0,0,0,0,1,1,0,1,0,0,0,-6.0,7.258064516129032,0,0,0,1,0,1,1
29,Bachelorette,13,Rachel Lindsay,13_PETER_K,Peter Kraus,31,,R,,,,R,R,,,E,0.0,1.0,6.0,13.0,9.0,7.0,1.0,1.0,1.0,1.0,0,0,0,0,0,0,0,0,0,0,0,1,0,0,0,1,1,0,0,0,0.0,1.258064516129032,1,0,0,0,0,1,0
30,Bachelorette,13,Rachel Lindsay,13_ERIC_B,Eric Bigger,29,,,R,,,R,R,,E,,0.0,10.0,8.0,13.0,9.0,1.0,3.0,1.0,1.0,0.0,0,0,0,0,0,0,0,0,0,0,0,0,1,0,0,1,1,0,0,0,2.0,-0.741935483870968,2,0,0,0,0,1,0
31,Bachelorette,13,Rachel Lindsay,13_DEAN_U,Dean Unglert,26,,R,,R,,,R,E,,,0.0,8.0,8.0,1.0,9.0,7.0,1.0,1.0,0.0,0.0,0,0,0,0,0,0,0,0,0,0,0,1,0,1,0,0,1,0,0,0,5.0,-3.741935483870968,2,0,0,0,0,0,0
32,Bachelorette,13,Rachel Lindsay,13_ADAM_G,Adam Gottschalk,27,,,,,,,ED,,,,0.0,10.0,8.0,13.0,9.0,7.0,3.0,0.0,0.0,0.0,0,0,0,0,0,0,0,0,0,0,0,0,0,0,0,0,0,0,0,0,4.0,-2.741935483870968,2,1,1,1,0,0,0
33,Bachelorette,13,Rachel Lindsay,13_MATT_M,Matt Munson,32,,,,,,,ED,,,,0.0,10.0,0.0,13.0,9.0,7.0,3.0,0.0,0.0,0.0,0,0,0,0,0,0,0,0,0,0,0,0,0,0,0,0,0,0,0,0,-1.0,2.258064516129032,0,0,0,0,0,0,0
34,Bachelorette,13,Rachel Lindsay,13_ALEX_B,Alex Bordyukov,28,,,R,,,E,,,,,0.0,10.0,6.0,13.0,9.0,7.0,0.0,0.0,0.0,0.0,0,0,0,0,0,0,0,0,0,0,0,0,1,0,0,0,0,0,0,0,3.0,-1.741935483870968,2,0,0,0,0,0,0
35,Bachelorette,13,Rachel Lindsay,13_WILL_G,Will Gaskins,28,,,,,R,ED,,,,,0.0,10.0,6.0,13.0,9.0,1.0,0.0,0.0,0.0,0.0,0,0,0,0,0,0,0,0,0,0,0,0,0,0,1,0,0,0,0,0,3.0,-1.741935483870968,2,0,0,0,0,0,0
36,Bachelorette,13,Rachel Lindsay,13_KENNY_L,Kenny Layne,35,,,,,R,ED,,,,,0.0,8.0,8.0,13.0,2.0,7.0,0.0,0.0,0.0,0.0,0,0,0,0,0,0,0,0,0,0,0,0,0,0,1,0,0,0,0,0,-4.0,5.258064516129032,0,0,0,1,0,0,0
37,Bachelorette,13,Rachel Lindsay,13_ANTHONY_B,Anthony Battle,26,,,R,,E,,,,,,0.0,0.0,1.0,13.0,9.0,0.0,0.0,0.0,0.0,0.0,0,0,0,0,0,0,0,0,0,0,0,0,1,0,0,0,0,0,0,0,5.0,-3.741935483870968,2,0,0,0,0,0,0
38,Bachelorette,13,Rachel Lindsay,13_JOSIAH_G,Josiah Graham,28,,R,,,E,,,,,,0.0,10.0,0.0,13.0,9.0,0.0,0.0,0.0,0.0,0.0,0,0,0,0,0,0,0,0,0,0,0,1,0,0,0,0,0,0,0,0,3.0,-1.741935483870968,2,0,0,1,1,0,0
39,Bachelorette,13,Rachel Lindsay,13_LEE_G,Lee Garrett,30,,,,,ED,,,,,,0.0,10.0,8.0,13.0,2.0,0.0,0.0,0.0,0.0,0.0,0,0,0,0,0,0,0,0,0,0,0,0,0,0,0,0,0,0,0,0,1.0,0.25806451612903203,2,0,0,1,0,0,0
40,Bachelorette,13,Rachel Lindsay,13_IGGY_R,Iggy Rodriguez,30,,,,E,,,,,,,0.0,8.0,0.0,13.0,0.0,0.0,0.0,0.0,0.0,0.0,0,0,0,0,0,0,0,0,0,0,0,0,0,0,0,0,0,0,0,0,1.0,0.25806451612903203,2,0,0,0,0,0,0
41,Bachelorette,13,Rachel Lindsay,13_JONATHAN_T,Jonathan Treece,31,,,,E,,,,,,,0.0,8.0,6.0,13.0,0.0,0.0,0.0,0.0,0.0,0.0,0,0,0,0,0,0,0,0,0,0,0,0,0,0,0,0,0,0,0,0,0.0,1.258064516129032,1,0,0,1,0,0,0
42,Bachelorette,13,Rachel Lindsay,13_JACK_S,Jack Stone,32,,,,ED,,,,,,,0.0,8.0,8.0,1.0,0.0,0.0,0.0,0.0,0.0,0.0,0,0,0,0,0,0,0,0,0,0,0,0,0,0,0,0,0,0,0,0,-1.0,2.258064516129032,0,1,1,1,1,0,0
43,Bachelorette,13,Rachel Lindsay,13_BRADY_E,Brady Ervin,29,,,E,,,,,,,,0.0,0.0,8.0,0.0,0.0,0.0,0.0,0.0,0.0,0.0,0,0,0,0,0,0,0,0,0,0,0,0,0,0,0,0,0,0,0,0,2.0,-0.741935483870968,2,0,0,0,0,0,0
44,Bachelorette,13,Rachel Lindsay,13_BRYCE_P,Bryce Powers,30,,,E,,,,,,,,0.0,0.0,8.0,0.0,0.0,0.0,0.0,0.0,0.0,0.0,0,0,0,0,0,0,0,0,0,0,0,0,0,0,0,0,0,0,0,0,1.0,0.25806451612903203,2,0,0,1,0,0,0
45,Bachelorette,13,Rachel Lindsay,13_DIGGY_M,Diggy Moreland,31,,,E,,,,,,,,0.0,10.0,0.0,0.0,0.0,0.0,0.0,0.0,0.0,0.0,0,0,0,0,0,0,0,0,0,0,0,0,0,0,0,0,0,0,0,0,0.0,1.258064516129032,1,0,0,0,0,0,0
46,Bachelorette,13,Rachel Lindsay,13_FRED_J,Fred Johnson,27,,,ED,,,,,,,,0.0,8.0,6.0,0.0,0.0,0.0,0.0,0.0,0.0,0.0,0,0,0,0,0,0,0,0,0,0,0,0,0,0,0,0,0,0,0,0,4.0,-2.741935483870968,2,1,1,1,0,0,0
47,Bachelorette,13,Rachel Lindsay,13_BLAKE_E,Blake Elarbee,31,,E,,,,,,,,,0.0,8.0,0.0,0.0,0.0,0.0,0.0,0.0,0.0,0.0,0,0,0,0,0,0,0,0,0,0,0,0,0,0,0,0,0,0,0,0,0.0,1.258064516129032,1,0,0,0,0,0,0
48,Bachelorette,13,Rachel Lindsay,13_JAMEY_K,Jamey Kocan,32,,E,,,,,,,,,0.0,10.0,0.0,0.0,0.0,0.0,0.0,0.0,0.0,0.0,0,0,0,0,0,0,0,0,0,0,0,0,0,0,0,0,0,0,0,0,-1.0,2.258064516129032,0,0,0,0,0,0,0
49,Bachelorette,13,Rachel Lindsay,13_LUCAS_Y,Lucas Yancey,30,,E,,,,,,,,,0.0,8.0,0.0,0.0,0.0,0.0,0.0,0.0,0.0,0.0,0,0,0,0,0,0,0,0,0,0,0,0,0,0,0,0,0,0,0,0,1.0,0.25806451612903203,2,0,0,0,0,0,0
50,Bachelorette,13,Rachel Lindsay,13_DEMARIO_J,DeMario Jackson,30,,EU,,,,,,,,,0.0,10.0,0.0,0.0,0.0,0.0,0.0,0.0,0.0,0.0,0,0,0,0,0,0,0,0,0,0,0,0,0,0,0,0,0,0,0,0,1.0,0.25806451612903203,2,0,0,0,0,0,0
51,Bachelorette,13,Rachel Lindsay,13_BLAKE_K,Blake Killpack,29,E,,,,,,,,,,0.0,0.0,0.0,0.0,0.0,0.0,0.0,0.0,0.0,0.0,0,0,0,0,0,0,0,0,0,0,0,0,0,0,0,0,0,0,0,0,2.0,-0.741935483870968,2,0,0,0,0,0,0
52,Bachelorette,13,Rachel Lindsay,13_GRANT_H,Grant Hubsher,29,E,,,,,,,,,,0.0,0.0,0.0,0.0,0.0,0.0,0.0,0.0,0.0,0.0,0,0,0,0,0,0,0,0,0,0,0,0,0,0,0,0,0,0,0,0,2.0,-0.741935483870968,2,0,0,1,0,0,0
53,Bachelorette,13,Rachel Lindsay,13_JEDIDIAH_B,Jedidiah Ballard,35,E,,,,,,,,,,0.0,0.0,0.0,0.0,0.0,0.0,0.0,0.0,0.0,0.0,0,0,0,0,0,0,0,0,0,0,0,0,0,0,0,0,0,0,0,0,-4.0,5.258064516129032,0,0,0,1,0,0,0
54,Bachelorette,13,Rachel Lindsay,13_KYLE_S,Kyle Sherwood,26,E,,,,,,,,,,0.0,0.0,0.0,0.0,0.0,0.0,0.0,0.0,0.0,0.0,0,0,0,0,0,0,0,0,0,0,0,0,0,0,0,0,0,0,0,0,5.0,-3.741935483870968,2,0,0,0,0,0,0
55,Bachelorette,13,Rachel Lindsay,13_MICHAEL_B,Michael Black,26,E,,,,,,,,,,0.0,0.0,0.0,0.0,0.0,0.0,0.0,0.0,0.0,0.0,0,0,0,0,0,0,0,0,0,0,0,0,0,0,0,0,0,0,0,0,5.0,-3.741935483870968,2,0,0,0,0,0,0
56,Bachelorette,13,Rachel Lindsay,13_MILTON_L,Milton LaCroix,31,E,,,,,,,,,,0.0,0.0,0.0,0.0,0.0,0.0,0.0,0.0,0.0,0.0,0,0,0,0,0,0,0,0,0,0,0,0,0,0,0,0,0,0,0,0,0.0,1.258064516129032,1,0,0,1,0,0,0
57,Bachelorette,13,Rachel Lindsay,13_MOHIT_S,Mohit Sehgal,26,E,,,,,,,,,,0.0,0.0,0.0,0.0,0.0,0.0,0.0,0.0,0.0,0.0,0,0,0,0,0,0,0,0,0,0,0,0,0,0,0,0,0,0,0,0,5.0,-3.741935483870968,2,0,0,0,0,0,0
58,Bachelorette,13,Rachel Lindsay,13_ROB_H,Rob Howard,30,E,,,,,,,,,,0.0,0.0,0.0,0.0,0.0,0.0,0.0,0.0,0.0,0.0,0,0,0,0,0,0,0,0,0,0,0,0,0,0,0,0,0,0,0,0,1.0,0.25806451612903203,2,0,0,0,1,0,0
59,Bachelorette,12,"Joelle ""JoJo"" Fletcher",12_JORDAN_R,Jordan Rodgers,27,R1,,,R,R,,,,,W,0.0,6.0,12.0,11.0,1.0,5.0,1.0,1.0,1.0,1.0,1,0,0,0,0,0,0,0,0,0,0,0,0,1,1,0,0,0,0,0,-2.0,-1.3076923076923066,0,0,0,0,0,1,1
60,Bachelorette,12,"Joelle ""JoJo"" Fletcher",12_ROBBY_H,Robby Hayes,27,,,,,R,,R,,,E,0.0,10.0,0.0,11.0,9.0,5.0,3.0,1.0,1.0,1.0,0,0,0,0,0,0,0,0,0,0,0,0,0,0,1,0,1,0,0,0,-2.0,-1.3076923076923066,0,0,0,1,0,1,0
61,Bachelorette,12,"Joelle ""JoJo"" Fletcher",12_CHASE_M,Chase McNary,27,,,R,,,R,,,ED,,0.0,0.0,1.0,11.0,9.0,2.0,3.0,1.0,1.0,0.0,0,0,0,0,0,0,0,0,0,0,0,0,1,0,0,1,0,0,0,0,-2.0,-1.3076923076923066,0,0,0,0,0,1,0
62,Bachelorette,12,"Joelle ""JoJo"" Fletcher",12_LUKE_P,Luke Pell,31,,,,R,,R,,E,,,0.0,10.0,0.0,1.0,9.0,5.0,1.0,1.0,0.0,0.0,0,0,0,0,0,0,0,0,0,0,0,0,0,1,0,1,0,0,0,0,-6.0,2.6923076923076934,0,0,1,1,0,0,0
63,Bachelorette,12,"Joelle ""JoJo"" Fletcher",12_JAMES_T,James Taylor,29,,R,R,,,,E,,,,0.0,6.0,1.0,11.0,9.0,5.0,3.0,0.0,0.0,0.0,0,0,0,0,0,0,0,0,0,0,0,1,1,0,0,0,0,0,0,0,-4.0,0.6923076923076934,0,0,1,1,0,0,0
64,Bachelorette,12,"Joelle ""JoJo"" Fletcher",12_ALEX_W,Alex Woytkiw,25,,,,R,,,ED,,,,0.0,6.0,12.0,2.0,9.0,5.0,1.0,0.0,0.0,0.0,0,0,0,0,0,0,0,0,0,0,0,0,0,1,0,0,0,0,0,0,0.0,-3.3076923076923066,1,0,0,0,0,0,0
65,Bachelorette,12,"Joelle ""JoJo"" Fletcher",12_DEREK_P,Derek Peth,29,,R,,,R,ED,,,,,0.0,1.0,0.0,11.0,1.0,2.0,0.0,0.0,0.0,0.0,0,0,0,0,0,0,0,0,0,0,0,1,0,0,1,0,0,0,0,0,-4.0,0.6923076923076934,0,0,0,0,0,0,0
66,Bachelorette,12,"Joelle ""JoJo"" Fletcher",12_WELLS_A,Wells Adams,31,,R,,,,ED,,,,,0.0,10.0,12.0,11.0,9.0,1.0,0.0,0.0,0.0,0.0,0,0,0,0,0,0,0,0,0,0,0,1,0,0,0,0,0,0,0,0,-6.0,2.6923076923076934,0,0,0,0,0,0,0
67,Bachelorette,12,"Joelle ""JoJo"" Fletcher",12_VINCENT_V,"Vincent ""Vinny"" Ventiera",28,,,,,E,,,,,,0.0,10.0,12.0,11.0,9.0,0.0,0.0,0.0,0.0,0.0,0,0,0,0,0,0,0,0,0,0,0,0,0,0,0,0,0,0,0,0,-3.0,-0.3076923076923066,0,0,0,0,0,0,0
68,Bachelorette,12,"Joelle ""JoJo"" Fletcher",12_GRANT_K,Grant Kemp,27,,,,,E,,,,,,0.0,10.0,12.0,11.0,9.0,0.0,0.0,0.0,0.0,0.0,0,0,0,0,0,0,0,0,0,0,0,0,0,0,0,0,0,0,0,0,-2.0,-1.3076923076923066,0,0,0,0,0,0,0
69,Bachelorette,12,"Joelle ""JoJo"" Fletcher",12_EVAN_B,Evan Bass,33,,,R,,E,,,,,,0.0,10.0,12.0,11.0,9.0,0.0,0.0,0.0,0.0,0.0,0,0,0,0,0,0,0,0,0,0,0,0,1,0,0,0,0,0,0,0,-8.0,4.692307692307693,0,0,0,0,0,0,0
70,Bachelorette,12,"Joelle ""JoJo"" Fletcher",12_JAMES_F,James Fuertes,34,,,,E,,,,,,,0.0,10.0,12.0,11.0,0.0,0.0,0.0,0.0,0.0,0.0,0,0,0,0,0,0,0,0,0,0,0,0,0,0,0,0,0,0,0,0,-9.0,5.692307692307693,0,0,0,1,0,0,0
71,Bachelorette,12,"Joelle ""JoJo"" Fletcher",12_DANIEL_M,Daniel Maguire,31,,,,E,,,,,,,0.0,10.0,12.0,11.0,0.0,0.0,0.0,0.0,0.0,0.0,0,0,0,0,0,0,0,0,0,0,0,0,0,0,0,0,0,0,0,0,-6.0,2.6923076923076934,0,0,0,0,0,0,0
72,Bachelorette,12,"Joelle ""JoJo"" Fletcher",12_CHAD_J,Chad Johnson,28,,,,ED,,,,,,,0.0,6.0,12.0,2.0,0.0,0.0,0.0,0.0,0.0,0.0,0,0,0,0,0,0,0,0,0,0,0,0,0,0,0,0,0,0,0,0,-3.0,-0.3076923076923066,0,0,0,1,1,0,0
73,Bachelorette,12,"Joelle ""JoJo"" Fletcher",12_NICK_B,Nick Benvenutti,33,,,E,,,,,,,,0.0,6.0,12.0,0.0,0.0,0.0,0.0,0.0,0.0,0.0,0,0,0,0,0,0,0,0,0,0,0,0,0,0,0,0,0,0,0,0,-8.0,4.692307692307693,0,0,0,0,0,0,0
74,Bachelorette,12,"Joelle ""JoJo"" Fletcher",12_CHRISTIAN_B,Christian Bishop,26,,,E,,,,,,,,0.0,6.0,12.0,0.0,0.0,0.0,0.0,0.0,0.0,0.0,0,0,0,0,0,0,0,0,0,0,0,0,0,0,0,0,0,0,0,0,-1.0,-2.3076923076923066,0,0,0,0,0,0,0
75,Bachelorette,12,"Joelle ""JoJo"" Fletcher",12_ALI_Z,Ali Zahiri,27,,,E,,,,,,,,0.0,10.0,12.0,0.0,0.0,0.0,0.0,0.0,0.0,0.0,0,0,0,0,0,0,0,0,0,0,0,0,0,0,0,0,0,0,0,0,-2.0,-1.3076923076923066,0,0,0,0,0,0,0
76,Bachelorette,12,"Joelle ""JoJo"" Fletcher",12_WILL_H,Will Haduch,26,,E,,,,,,,,,0.0,10.0,0.0,0.0,0.0,0.0,0.0,0.0,0.0,0.0,0,0,0,0,0,0,0,0,0,0,0,0,0,0,0,0,0,0,0,0,-1.0,-2.3076923076923066,0,0,0,0,0,0,0
77,Bachelorette,12,"Joelle ""JoJo"" Fletcher",12_JAMES_S,James Spadafore,27,,E,,,,,,,,,0.0,0.0,0.0,0.0,0.0,0.0,0.0,0.0,0.0,0.0,0,0,0,0,0,0,0,0,0,0,0,0,0,0,0,0,0,0,0,0,-2.0,-1.3076923076923066,0,0,0,0,0,0,0
78,Bachelorette,12,"Joelle ""JoJo"" Fletcher",12_BRANDON_H,Brandon Howell,28,,E,,,,,,,,,0.0,0.0,0.0,0.0,0.0,0.0,0.0,0.0,0.0,0.0,0,0,0,0,0,0,0,0,0,0,0,0,0,0,0,0,0,0,0,0,-3.0,-0.3076923076923066,0,0,0,0,0,0,0
79,Bachelorette,12,"Joelle ""JoJo"" Fletcher",12_SAL_D,Sal DeJulio,28,E,,,,,,,,,,0.0,0.0,0.0,0.0,0.0,0.0,0.0,0.0,0.0,0.0,0,0,0,0,0,0,0,0,0,0,0,0,0,0,0,0,0,0,0,0,-3.0,-0.3076923076923066,0,0,0,0,0,0,0
80,Bachelorette,12,"Joelle ""JoJo"" Fletcher",12_PETER_M,Peter Medina,26,E,,,,,,,,,,0.0,0.0,0.0,0.0,0.0,0.0,0.0,0.0,0.0,0.0,0,0,0,0,0,0,0,0,0,0,0,0,0,0,0,0,0,0,0,0,-1.0,-2.3076923076923066,0,0,0,0,0,0,0
81,Bachelorette,12,"Joelle ""JoJo"" Fletcher",12_NICK_S,Nick Sharp,26,E,,,,,,,,,,0.0,0.0,0.0,0.0,0.0,0.0,0.0,0.0,0.0,0.0,0,0,0,0,0,0,0,0,0,0,0,0,0,0,0,0,0,0,0,0,-1.0,-2.3076923076923066,0,0,0,0,0,0,0
82,Bachelorette,12,"Joelle ""JoJo"" Fletcher",12_JONATHAN_H,Jonathan Hamilton,29,E,,,,,,,,,,0.0,0.0,0.0,0.0,0.0,0.0,0.0,0.0,0.0,0.0,0,0,0,0,0,0,0,0,0,0,0,0,0,0,0,0,0,0,0,0,-4.0,0.6923076923076934,0,0,0,0,0,0,0
83,Bachelorette,12,"Joelle ""JoJo"" Fletcher",12_JAKE_P,Jake Patton,26,E,,,,,,,,,,0.0,0.0,0.0,0.0,0.0,0.0,0.0,0.0,0.0,0.0,0,0,0,0,0,0,0,0,0,0,0,0,0,0,0,0,0,0,0,0,-1.0,-2.3076923076923066,0,0,0,0,0,0,0
84,Bachelorette,12,"Joelle ""JoJo"" Fletcher",12_COLEY_K,Coley Knust,27,E,,,,,,,,,,0.0,0.0,0.0,0.0,0.0,0.0,0.0,0.0,0.0,0.0,0,0,0,0,0,0,0,0,0,0,0,0,0,0,0,0,0,0,0,0,-2.0,-1.3076923076923066,0,0,0,0,0,0,0
85,Bachelorette,11,Kaitlyn Bristowe,11_SHAWN_B,Shawn Booth,28,R1,,R,,R,,,,W,,0.0,0.0,6.0,8.0,1.0,0.0,3.0,1.0,1.0,0.0,1,0,0,0,0,0,0,0,0,0,0,0,1,0,1,0,0,0,0,0,1.0,-1.5,2,0,0,0,1,1,1
86,Bachelorette,11,Kaitlyn Bristowe,11_NICK_V,Nick Viall,34,,,,,R,R,,,E,,0.0,0.0,0.0,0.0,9.0,1.0,3.0,1.0,1.0,0.0,0,0,0,0,0,0,0,0,0,0,0,0,0,0,1,1,0,0,0,0,-5.0,4.5,0,0,0,0,0,1,0
87,Bachelorette,11,Kaitlyn Bristowe,11_BEN_H,Ben Higgins,26,,,R,,R,,,E,,,0.0,8.0,6.0,5.0,1.0,5.0,1.0,1.0,0.0,0.0,0,0,0,0,0,0,0,0,0,0,0,0,1,0,1,0,0,0,0,0,3.0,-3.5,2,0,0,0,0,1,0
88,Bachelorette,11,Kaitlyn Bristowe,11_JARED_H,Jared Haibon,26,,,,R,,R,E,,,,0.0,8.0,6.0,1.0,9.0,5.0,1.0,1.0,0.0,0.0,0,0,0,0,0,0,0,0,0,0,0,0,0,1,0,1,0,0,0,0,3.0,-3.5,2,0,0,0,0,0,0
89,Bachelorette,11,Kaitlyn Bristowe,11_JOE_B,Joe Bailey,28,,,,,,R,ED,,,,0.0,7.0,6.0,5.0,0.0,2.0,3.0,0.0,0.0,0.0,0,0,0,0,0,0,0,0,0,0,0,0,0,0,0,1,0,0,0,0,1.0,-1.5,2,0,0,0,0,0,0
90,Bachelorette,11,Kaitlyn Bristowe,11_CHRIS_S,Chris Strandburg,28,,,,R,,,ED,,,,0.0,7.0,6.0,5.0,9.0,5.0,1.0,0.0,0.0,0.0,0,0,0,0,0,0,0,0,0,0,0,0,0,1,0,0,0,0,0,0,1.0,-1.5,2,0,0,0,0,0,0
91,Bachelorette,11,Kaitlyn Bristowe,11_BEN_Z,Ben Zorn,26,,R,R,,,E,,,,,0.0,8.0,1.0,8.0,9.0,5.0,0.0,0.0,0.0,0.0,0,0,0,0,0,0,0,0,0,0,0,1,1,0,0,0,0,0,0,0,3.0,-3.5,2,0,0,0,1,0,0
92,Bachelorette,11,Kaitlyn Bristowe,11_TANNER_T,Tanner Tolbert,28,,,,,,E,,,,,0.0,8.0,6.0,8.0,9.0,5.0,0.0,0.0,0.0,0.0,0,0,0,0,0,0,0,0,0,0,0,0,0,0,0,0,0,0,0,0,1.0,-1.5,2,0,0,0,0,0,0
93,Bachelorette,11,Kaitlyn Bristowe,11_JJ_L,JJ Lane III,32,,R,,,,ED,,,,,0.0,7.0,6.0,8.0,9.0,2.0,0.0,0.0,0.0,0.0,0,0,0,0,0,0,0,0,0,0,0,1,0,0,0,0,0,0,0,0,-3.0,2.5,0,0,0,0,0,0,0
94,Bachelorette,11,Kaitlyn Bristowe,11_JOSHUA_A,Joshua Albers,31,,,,,E,,,,,,0.0,7.0,6.0,5.0,9.0,0.0,0.0,0.0,0.0,0.0,0,0,0,0,0,0,0,0,0,0,0,0,0,0,0,0,0,0,0,0,-2.0,1.5,0,0,0,0,0,0,0
95,Bachelorette,11,Kaitlyn Bristowe,11_JUSTIN_R,Justin Reich,28,,,,R,E,,,,,,0.0,8.0,0.0,8.0,9.0,0.0,0.0,0.0,0.0,0.0,0,0,0,0,0,0,0,0,0,0,0,0,0,1,0,0,0,0,0,0,1.0,-1.5,2,0,0,0,1,0,0
96,Bachelorette,11,Kaitlyn Bristowe,11_IAN_T,Ian Thomson,28,,,,,EQ,,,,,,0.0,7.0,0.0,5.0,9.0,0.0,0.0,0.0,0.0,0.0,0,0,0,0,0,0,0,0,0,0,0,0,0,0,0,0,0,0,0,0,1.0,-1.5,2,0,0,0,0,0,0
97,Bachelorette,11,Kaitlyn Bristowe,11_COREY_S,Corey Stansell (NY),30,,,,E,,,,,,,0.0,8.0,0.0,8.0,0.0,0.0,0.0,0.0,0.0,0.0,0,0,0,0,0,0,0,0,0,0,0,0,0,0,0,0,0,0,0,0,-1.0,0.5,0,0,0,0,0,0,0
98,Bachelorette,11,Kaitlyn Bristowe,11_JONATHAN_H,Jonathan Holloway,33,,,,E,,,,,,,0.0,7.0,6.0,8.0,0.0,0.0,0.0,0.0,0.0,0.0,0,0,0,0,0,0,0,0,0,0,0,0,0,0,0,0,0,0,0,0,-4.0,3.5,0,0,0,0,0,0,0
99,Bachelorette,11,Kaitlyn Bristowe,11_RYAN_B,Ryan Beckett,32,,,,E,,,,,,,0.0,0.0,6.0,8.0,0.0,0.0,0.0,0.0,0.0,0.0,0,0,0,0,0,0,0,0,0,0,0,0,0,0,0,0,0,0,0,0,-3.0,2.5,0,0,0,0,0,0,0
100,Bachelorette,11,Kaitlyn Bristowe,11_CLINT_A,Clint Arlis,27,,R,EU,,,,,,,,0.0,1.0,6.0,0.0,0.0,0.0,0.0,0.0,0.0,0.0,0,0,0,0,0,0,0,0,0,0,0,1,0,0,0,0,0,0,0,0,2.0,-2.5,2,0,0,0,0,0,0
101,Bachelorette,11,Kaitlyn Bristowe,11_TONY_H,Tony Harris,35,,,EQ,,,,,,,,0.0,7.0,6.0,0.0,0.0,0.0,0.0,0.0,0.0,0.0,0,0,0,0,0,0,0,0,0,0,0,0,0,0,0,0,0,0,0,0,-6.0,5.5,0,0,0,0,0,0,0
102,Bachelorette,11,Kaitlyn Bristowe,11_CORY_S,Cory Shivar (NC),35,,E,,,,,,,,,0.0,0.0,0.0,0.0,0.0,0.0,0.0,0.0,0.0,0.0,0,0,0,0,0,0,0,0,0,0,0,0,0,0,0,0,0,0,0,0,-6.0,5.5,0,0,0,0,0,0,0
103,Bachelorette,11,Kaitlyn Bristowe,11_DANIEL_F,Daniel Finney,28,,E,,,,,,,,,0.0,8.0,0.0,0.0,0.0,0.0,0.0,0.0,0.0,0.0,0,0,0,0,0,0,0,0,0,0,0,0,0,0,0,0,0,0,0,0,1.0,-1.5,2,0,0,0,0,0,0
104,Bachelorette,11,Kaitlyn Bristowe,11_KUPAH_J,Kupah James,32,,EU,,,,,,,,,0.0,8.0,0.0,0.0,0.0,0.0,0.0,0.0,0.0,0.0,0,0,0,0,0,0,0,0,0,0,0,0,0,0,0,0,0,0,0,0,-3.0,2.5,0,0,0,0,0,0,0
105,Bachelorette,11,Kaitlyn Bristowe,11_BRADLEY_C,Bradley Cox,25,E,,,,,,,,,,0.0,0.0,0.0,0.0,0.0,0.0,0.0,0.0,0.0,0.0,0,0,0,0,0,0,0,0,0,0,0,0,0,0,0,0,0,0,0,0,4.0,-4.5,2,0,0,0,0,0,0
106,Bachelorette,11,Kaitlyn Bristowe,11_DAVID_X,David X,28,E,,,,,,,,,,0.0,0.0,0.0,0.0,0.0,0.0,0.0,0.0,0.0,0.0,0,0,0,0,0,0,0,0,0,0,0,0,0,0,0,0,0,0,0,0,1.0,-1.5,2,0,0,0,0,0,0
107,Bachelorette,11,Kaitlyn Bristowe,11_JOSH_S,Josh Seiter,27,E,,,,,,,,,,0.0,0.0,0.0,0.0,0.0,0.0,0.0,0.0,0.0,0.0,0,0,0,0,0,0,0,0,0,0,0,0,0,0,0,0,0,0,0,0,2.0,-2.5,2,0,0,0,0,0,0
108,Bachelorette,11,Kaitlyn Bristowe,11_SHAWN_E,Shawn Evans,31,E,,,,,,,,,,0.0,0.0,0.0,0.0,0.0,0.0,0.0,0.0,0.0,0.0,0,0,0,0,0,0,0,0,0,0,0,0,0,0,0,0,0,0,0,0,-2.0,1.5,0,0,0,0,0,0,0
109,Bachelorette,11,Kaitlyn Bristowe,11_BRADY_T,Brady Toops,33,EQ,,,,,,,,,,0.0,0.0,0.0,0.0,0.0,0.0,0.0,0.0,0.0,0.0,0,0,0,0,0,0,0,0,0,0,0,0,0,0,0,0,0,0,0,0,-4.0,3.5,0,0,0,0,0,0,0
110,Bachelorette,11,Kaitlyn Bristowe,11_RYAN_M,Ryan McDill,28,EF,,,,,,,,,,0.0,0.0,0.0,0.0,0.0,0.0,0.0,0.0,0.0,0.0,0,0,0,0,0,0,0,0,0,0,0,0,0,0,0,0,0,0,0,0,1.0,-1.5,2,0,0,0,0,0,0
111,Bachelorette,10,Andi Dorfman,10_JOSH_M,Josh Murray,29,,,R,,R,,,,,W,0.0,14.0,12.0,0.0,1.0,6.0,1.0,1.0,1.0,1.0,0,0,0,0,0,0,0,0,0,0,0,0,1,0,1,0,0,0,0,0,-3.0,-0.5199999999999996,0,0,1,1,0,1,1
112,Bachelorette,10,Andi Dorfman,10_NICK_V,Nick Viall,33,R1,,R,,,R,R,,,EU,0.0,0.0,1.0,6.0,9.0,1.0,4.0,1.0,1.0,1.0,1,0,0,0,0,0,0,0,0,0,0,0,1,0,0,1,1,0,0,0,-7.0,3.4800000000000004,0,0,0,0,0,1,0
113,Bachelorette,10,Andi Dorfman,10_CHRIS_S,Chris Soules,32,,R,,,,R,,,ED,,0.0,1.0,0.0,0.0,9.0,6.0,4.0,1.0,1.0,0.0,0,0,0,0,0,0,0,0,0,0,0,1,0,0,0,1,0,0,0,0,-6.0,2.4800000000000004,0,0,0,0,0,1,0
114,Bachelorette,10,Andi Dorfman,10_MARCUS_G,Marcus Grodd,25,,R,,R,,,,E,,,0.0,14.0,12.0,1.0,9.0,6.0,1.0,1.0,0.0,0.0,0,0,0,0,0,0,0,0,0,0,0,1,0,1,0,0,0,0,0,0,1.0,-4.52,2,0,0,0,0,0,0
115,Bachelorette,10,Andi Dorfman,10_BRIAN_O,Brian Osborne,27,,,,R,R,,E,,,,0.0,14.0,12.0,6.0,1.0,6.0,4.0,0.0,0.0,0.0,0,0,0,0,0,0,0,0,0,0,0,0,0,1,1,0,0,0,0,0,-1.0,-2.5199999999999996,0,0,0,0,0,0,0
116,Bachelorette,10,Andi Dorfman,10_DYLAN_P,Dylan Petitt,26,,,,R,,,E,,,,0.0,14.0,0.0,1.0,9.0,6.0,4.0,0.0,0.0,0.0,0,0,0,0,0,0,0,0,0,0,0,0,0,1,0,0,0,0,0,0,0.0,-3.5199999999999996,1,0,0,0,0,0,0
117,Bachelorette,10,Andi Dorfman,10_JJ_O,JJ O'Brien,30,,,R,,R,E,,,,,0.0,0.0,1.0,0.0,9.0,6.0,0.0,0.0,0.0,0.0,0,0,0,0,0,0,0,0,0,0,0,0,1,0,1,0,0,0,0,0,-4.0,0.4800000000000004,0,0,0,0,0,0,0
118,Bachelorette,10,Andi Dorfman,10_CODY_S,Cody Sattler,28,,,,,,ED,,,,,0.0,14.0,12.0,6.0,9.0,1.0,0.0,0.0,0.0,0.0,0,0,0,0,0,0,0,0,0,0,0,0,0,0,0,0,0,0,0,0,-2.0,-1.5199999999999996,0,0,0,0,0,0,0
119,Bachelorette,10,Andi Dorfman,10_ANDREW_P,Andrew Poole,30,,,,,E,,,,,,0.0,0.0,12.0,6.0,9.0,0.0,0.0,0.0,0.0,0.0,0,0,0,0,0,0,0,0,0,0,0,0,0,0,0,0,0,0,0,0,-4.0,0.4800000000000004,0,0,0,0,0,0,0
120,Bachelorette,10,Andi Dorfman,10_MARQUEL_M,Marquel Martin,26,,,,,E,,,,,,0.0,14.0,12.0,6.0,9.0,0.0,0.0,0.0,0.0,0.0,0,0,0,0,0,0,0,0,0,0,0,0,0,0,0,0,0,0,0,0,0.0,-3.5199999999999996,1,0,0,0,0,0,0
121,Bachelorette,10,Andi Dorfman,10_PATRICK_J,Patrick Jagodzinski,29,,,,,E,,,,,,0.0,14.0,12.0,0.0,9.0,0.0,0.0,0.0,0.0,0.0,0,0,0,0,0,0,0,0,0,0,0,0,0,0,0,0,0,0,0,0,-3.0,-0.5199999999999996,0,0,0,0,0,0,0
122,Bachelorette,10,Andi Dorfman,10_TASOS_H,Tasos Hernandez,30,,,,E,,,,,,,0.0,14.0,12.0,0.0,0.0,0.0,0.0,0.0,0.0,0.0,0,0,0,0,0,0,0,0,0,0,0,0,0,0,0,0,0,0,0,0,-4.0,0.4800000000000004,0,0,0,0,0,0,0
123,Bachelorette,10,Andi Dorfman,10_ERIC_H,Eric Hill,31,,R,,EU,,,,,,,0.0,1.0,12.0,6.0,0.0,0.0,0.0,0.0,0.0,0.0,0,0,0,0,0,0,0,0,0,0,0,1,0,0,0,0,0,0,0,0,-5.0,1.4800000000000004,0,0,0,0,0,0,0
124,Bachelorette,10,Andi Dorfman,10_BRADLEY_W,Bradley Wisk,32,,,E,,,,,,,,0.0,14.0,12.0,0.0,0.0,0.0,0.0,0.0,0.0,0.0,0,0,0,0,0,0,0,0,0,0,0,0,0,0,0,0,0,0,0,0,-6.0,2.4800000000000004,0,0,0,0,0,0,0
125,Bachelorette,10,Andi Dorfman,10_BRETT_M,Brett Melnick,29,,,E,,,,,,,,0.0,14.0,12.0,0.0,0.0,0.0,0.0,0.0,0.0,0.0,0,0,0,0,0,0,0,0,0,0,0,0,0,0,0,0,0,0,0,0,-3.0,-0.5199999999999996,0,0,0,0,0,0,0
126,Bachelorette,10,Andi Dorfman,10_RON_W,Ron Worrell,28,,,EQ,,,,,,,,0.0,14.0,12.0,0.0,0.0,0.0,0.0,0.0,0.0,0.0,0,0,0,0,0,0,0,0,0,0,0,0,0,0,0,0,0,0,0,0,-2.0,-1.5199999999999996,0,0,0,0,0,0,0
127,Bachelorette,10,Andi Dorfman,10_CARL_K,Carl King,30,,E,,,,,,,,,0.0,14.0,0.0,0.0,0.0,0.0,0.0,0.0,0.0,0.0,0,0,0,0,0,0,0,0,0,0,0,0,0,0,0,0,0,0,0,0,-4.0,0.4800000000000004,0,0,0,0,0,0,0
128,Bachelorette,10,Andi Dorfman,10_CRAIG_M,Craig Muhlbauer,29,,E,,,,,,,,,0.0,14.0,0.0,0.0,0.0,0.0,0.0,0.0,0.0,0.0,0,0,0,0,0,0,0,0,0,0,0,0,0,0,0,0,0,0,0,0,-3.0,-0.5199999999999996,0,0,0,0,0,0,0
129,Bachelorette,10,Andi Dorfman,10_NICK_S,Nick Sutter,27,,E,,,,,,,,,0.0,14.0,0.0,0.0,0.0,0.0,0.0,0.0,0.0,0.0,0,0,0,0,0,0,0,0,0,0,0,0,0,0,0,0,0,0,0,0,-1.0,-2.5199999999999996,0,0,0,0,0,0,0
130,Bachelorette,10,Andi Dorfman,10_EMIL_S,Emil Schaffroth,33,E,,,,,,,,,,0.0,0.0,0.0,0.0,0.0,0.0,0.0,0.0,0.0,0.0,0,0,0,0,0,0,0,0,0,0,0,0,0,0,0,0,0,0,0,0,-7.0,3.4800000000000004,0,0,0,0,0,0,0
131,Bachelorette,10,Andi Dorfman,10_JASON_L,Jason Leep,35,E,,,,,,,,,,0.0,0.0,0.0,0.0,0.0,0.0,0.0,0.0,0.0,0.0,0,0,0,0,0,0,0,0,0,0,0,0,0,0,0,0,0,0,0,0,-9.0,5.48,0,0,0,0,0,0,0
132,Bachelorette,10,Andi Dorfman,10_JOSH_B,Josh Bauer,29,E,,,,,,,,,,0.0,0.0,0.0,0.0,0.0,0.0,0.0,0.0,0.0,0.0,0,0,0,0,0,0,0,0,0,0,0,0,0,0,0,0,0,0,0,0,-3.0,-0.5199999999999996,0,0,0,0,0,0,0
133,Bachelorette,10,Andi Dorfman,10_MIKE_C,Mike Campanelli,29,E,,,,,,,,,,0.0,0.0,0.0,0.0,0.0,0.0,0.0,0.0,0.0,0.0,0,0,0,0,0,0,0,0,0,0,0,0,0,0,0,0,0,0,0,0,-3.0,-0.5199999999999996,0,0,0,0,0,0,0
134,Bachelorette,10,Andi Dorfman,10_RUDIE_D,Rudie Dane,31,E,,,,,,,,,,0.0,0.0,0.0,0.0,0.0,0.0,0.0,0.0,0.0,0.0,0,0,0,0,0,0,0,0,0,0,0,0,0,0,0,0,0,0,0,0,-5.0,1.4800000000000004,0,0,0,0,1,0,0
135,Bachelorette,10,Andi Dorfman,10_STEVEN_W,Steven Woolworth,30,E,,,,,,,,,,0.0,0.0,0.0,0.0,0.0,0.0,0.0,0.0,0.0,0.0,0,0,0,0,0,0,0,0,0,0,0,0,0,0,0,0,0,0,0,0,-4.0,0.4800000000000004,0,0,0,0,0,0,0
136,Bachelorette,9,Desiree Hartsock,09_CHRIS_S,Chris Siegfried,27,,,R,,R,,,,,W,0.0,0.0,10.0,10.0,1.0,6.0,1.0,1.0,1.0,1.0,0,0,0,0,0,0,0,0,0,0,0,0,1,0,1,0,0,0,0,0,0.0,-1.6799999999999997,1,0,0,0,0,1,1
137,Bachelorette,9,Desiree Hartsock,09_DREW_K,Drew Kenney,27,R1,,,,,R,R,,,ED,0.0,14.0,10.0,10.0,7.0,1.0,2.0,1.0,1.0,1.0,1,0,0,0,0,0,0,0,0,0,0,0,0,0,0,1,1,0,0,0,0.0,-1.6799999999999997,1,0,0,0,0,1,0
138,Bachelorette,9,Desiree Hartsock,09_BROOKS_F,Brooks Forester,28,,R,,,R,,,,EQ,,0.0,1.0,10.0,10.0,7.0,6.0,1.0,1.0,0.0,0.0,0,0,0,0,0,0,0,0,0,0,0,1,0,0,1,0,0,0,0,0,-1.0,-0.6799999999999997,0,0,0,0,0,1,0
139,Bachelorette,9,Desiree Hartsock,09_ZAK_W,Zak Waddell,31,R1,,,R,,R,,E,,,0.0,14.0,5.0,10.0,7.0,1.0,2.0,1.0,0.0,0.0,1,0,0,0,0,0,0,0,0,0,0,0,0,1,0,1,0,0,0,0,-4.0,2.3200000000000003,0,0,0,0,0,0,0
140,Bachelorette,9,Desiree Hartsock,09_MICHAEL_G,Michael Garofola,33,R1,,,,R,,E,,,,0.0,14.0,10.0,10.0,2.0,6.0,1.0,0.0,0.0,0.0,1,0,0,0,0,0,0,0,0,0,0,0,0,0,1,0,0,0,0,0,-6.0,4.32,0,0,0,0,0,0,0
141,Bachelorette,9,Desiree Hartsock,09_JAMES_C,James Case,27,,,R,R,,E,,,,,0.0,14.0,5.0,1.0,7.0,6.0,0.0,0.0,0.0,0.0,0,0,0,0,0,0,0,0,0,0,0,0,1,1,0,0,0,0,0,0,0.0,-1.6799999999999997,1,0,0,0,0,0,0
142,Bachelorette,9,Desiree Hartsock,09_JUAN_G,Juan Galavis,31,,,,,,E,,,,,0.0,14.0,5.0,10.0,7.0,6.0,0.0,0.0,0.0,0.0,0,0,0,0,0,0,0,0,0,0,0,0,0,0,0,0,0,0,0,0,-4.0,2.3200000000000003,0,0,0,0,0,0,0
143,Bachelorette,9,Desiree Hartsock,09_KASEY_S,Kasey Stewart,29,,,R,,,E,,,,,0.0,14.0,1.0,10.0,7.0,6.0,0.0,0.0,0.0,0.0,0,0,0,0,0,0,0,0,0,0,0,0,1,0,0,0,0,0,0,0,-2.0,0.3200000000000003,0,0,0,0,0,0,0
144,Bachelorette,9,Desiree Hartsock,09_MIKEY_T,Mikey Tenerelli,30,,,,,E,,,,,,0.0,14.0,10.0,10.0,7.0,0.0,0.0,0.0,0.0,0.0,0,0,0,0,0,0,0,0,0,0,0,0,0,0,0,0,0,0,0,0,-3.0,1.3200000000000003,0,0,0,0,0,0,0
145,Bachelorette,9,Desiree Hartsock,09_BEN_S,Ben Scott,28,R1,R,,,ED,,,,,,0.0,14.0,10.0,10.0,2.0,0.0,0.0,0.0,0.0,0.0,1,0,0,0,0,0,0,0,0,0,0,1,0,0,0,0,0,0,0,0,-1.0,-0.6799999999999997,0,0,0,0,0,0,0
146,Bachelorette,9,Desiree Hartsock,09_BRYDEN_V,Bryden Vukasin,26,R1,R,,,EQ,,,,,,0.0,1.0,5.0,10.0,0.0,0.0,0.0,0.0,0.0,0.0,1,0,0,0,0,0,0,0,0,0,0,1,0,0,0,0,0,0,0,0,1.0,-2.6799999999999997,2,0,0,0,0,0,0
147,Bachelorette,9,Desiree Hartsock,09_ZACK_K,Zack Kalter,28,,,,E,,,,,,,0.0,14.0,10.0,0.0,0.0,0.0,0.0,0.0,0.0,0.0,0,0,0,0,0,0,0,0,0,0,0,0,0,0,0,0,0,0,0,0,-1.0,-0.6799999999999997,0,0,0,0,0,0,0
148,Bachelorette,9,Desiree Hartsock,09_BRAD_M,Brad McKinzie,27,,,,ED,,,,,,,0.0,0.0,10.0,1.0,0.0,0.0,0.0,0.0,0.0,0.0,0,0,0,0,0,0,0,0,0,0,0,0,0,0,0,0,0,0,0,0,0.0,-1.6799999999999997,1,0,0,0,0,0,0
149,Bachelorette,9,Desiree Hartsock,09_BRANDON_A,Brandon Andreen,26,,,E,,,,,,,,0.0,14.0,10.0,0.0,0.0,0.0,0.0,0.0,0.0,0.0,0,0,0,0,0,0,0,0,0,0,0,0,0,0,0,0,0,0,0,0,1.0,-2.6799999999999997,2,0,0,0,0,0,0
150,Bachelorette,9,Desiree Hartsock,09_DAN_C,Dan Cox,30,,,E,,,,,,,,0.0,14.0,5.0,0.0,0.0,0.0,0.0,0.0,0.0,0.0,0,0,0,0,0,0,0,0,0,0,0,0,0,0,0,0,0,0,0,0,-3.0,1.3200000000000003,0,0,0,0,0,0,0
151,Bachelorette,9,Desiree Hartsock,09_BRIAN_J,Brian Jarosinski,29,,,EF,,,,,,,,0.0,14.0,10.0,0.0,0.0,0.0,0.0,0.0,0.0,0.0,0,0,0,0,0,0,0,0,0,0,0,0,0,0,0,0,0,0,0,0,-2.0,0.3200000000000003,0,0,0,0,0,0,0
152,Bachelorette,9,Desiree Hartsock,09_NICK_M,Nick Mucci,27,R1,E,,,,,,,,,0.0,14.0,0.0,0.0,0.0,0.0,0.0,0.0,0.0,0.0,1,0,0,0,0,0,0,0,0,0,0,0,0,0,0,0,0,0,0,0,0.0,-1.6799999999999997,1,0,0,0,0,0,0
153,Bachelorette,9,Desiree Hartsock,09_ROBERT_G,Robert Graham,30,,E,,,,,,,,,0.0,0.0,0.0,0.0,0.0,0.0,0.0,0.0,0.0,0.0,0,0,0,0,0,0,0,0,0,0,0,0,0,0,0,0,0,0,0,0,-3.0,1.3200000000000003,0,0,0,0,0,0,0
154,Bachelorette,9,Desiree Hartsock,09_WILL_R,Will Reese,28,,E,,,,,,,,,0.0,14.0,0.0,0.0,0.0,0.0,0.0,0.0,0.0,0.0,0,0,0,0,0,0,0,0,0,0,0,0,0,0,0,0,0,0,0,0,-1.0,-0.6799999999999997,0,0,0,0,0,0,0
155,Bachelorette,9,Desiree Hartsock,09_DIOGO_C,Diogo Custodio,29,E,,,,,,,,,,0.0,0.0,0.0,0.0,0.0,0.0,0.0,0.0,0.0,0.0,0,0,0,0,0,0,0,0,0,0,0,0,0,0,0,0,0,0,0,0,-2.0,0.3200000000000003,0,0,0,0,0,0,0
156,Bachelorette,9,Desiree Hartsock,09_LARRY_B,Larry Burchett,34,E,,,,,,,,,,0.0,0.0,0.0,0.0,0.0,0.0,0.0,0.0,0.0,0.0,0,0,0,0,0,0,0,0,0,0,0,0,0,0,0,0,0,0,0,0,-7.0,5.32,0,0,0,0,0,0,0
157,Bachelorette,9,Desiree Hartsock,09_MICAH_X,Micah X,32,E,,,,,,,,,,0.0,0.0,0.0,0.0,0.0,0.0,0.0,0.0,0.0,0.0,0,0,0,0,0,0,0,0,0,0,0,0,0,0,0,0,0,0,0,0,-5.0,3.3200000000000003,0,0,0,0,0,0,0
158,Bachelorette,9,Desiree Hartsock,09_MIKE_X,Mike X,28,E,,,,,,,,,,0.0,0.0,0.0,0.0,0.0,0.0,0.0,0.0,0.0,0.0,0,0,0,0,0,0,0,0,0,0,0,0,0,0,0,0,0,0,0,0,-1.0,-0.6799999999999997,0,0,0,0,0,0,0
159,Bachelorette,9,Desiree Hartsock,09_NICK_R,Nick Roy,26,E,,,,,,,,,,0.0,0.0,0.0,0.0,0.0,0.0,0.0,0.0,0.0,0.0,0,0,0,0,0,0,0,0,0,0,0,0,0,0,0,0,0,0,0,0,1.0,-2.6799999999999997,2,0,0,0,0,0,0
160,Bachelorette,9,Desiree Hartsock,09_JONATHAN_V,Jonathan Vollinger,26,EU,,,,,,,,,,0.0,0.0,0.0,0.0,0.0,0.0,0.0,0.0,0.0,0.0,0,0,0,0,0,0,0,0,0,0,0,0,0,0,0,0,0,0,0,0,1.0,-2.6799999999999997,2,0,0,0,0,0,0
161,Bachelorette,8,Emily Maynard,08_JEF_H,Jef Holm,27,,R,,R,R,,,,,W,0.0,13.0,12.0,8.0,1.0,6.0,1.0,1.0,1.0,1.0,0,0,0,0,0,0,0,0,0,0,0,1,0,1,1,0,0,0,0,0,,-2.8000000000000007,4,0,0,0,0,1,1
162,Bachelorette,8,Emily Maynard,08_ARIE_L,"Arie Luyendyk, Jr.",30,,,R,,,,,,,ED,0.0,0.0,1.0,8.0,8.0,6.0,1.0,1.0,1.0,0.0,0,0,0,0,0,0,0,0,0,0,0,0,1,0,0,0,0,0,0,0,,0.1999999999999993,4,0,0,0,0,1,0
163,Bachelorette,8,Emily Maynard,08_SEAN_L,Sean Lowe,28,,,R,,R,,R,,E,,0.0,0.0,12.0,8.0,1.0,6.0,3.0,1.0,1.0,0.0,0,0,0,0,0,0,0,0,0,0,0,0,1,0,1,0,1,0,0,0,,-1.8000000000000007,4,0,0,1,1,1,0
164,Bachelorette,8,Emily Maynard,08_CHRIS_B,Chris Bukowski,25,,,R,,,R,,E,,,0.0,13.0,1.0,8.0,8.0,6.0,3.0,1.0,0.0,0.0,0,0,0,0,0,0,0,0,0,0,0,0,1,0,0,1,0,0,0,0,,-4.800000000000001,4,0,0,0,0,0,0
165,Bachelorette,8,Emily Maynard,08_JOHN_W,John Wolfner,30,,,,R,,,E,,,,0.0,13.0,12.0,2.0,8.0,6.0,1.0,0.0,0.0,0.0,0,0,0,0,0,0,0,0,0,0,0,0,0,1,0,0,0,0,0,0,,0.1999999999999993,4,0,0,0,0,0,0
166,Bachelorette,8,Emily Maynard,08_DOUG_C,Doug Clerget,33,R1,,,R,,,ED,,,,0.0,0.0,12.0,1.0,8.0,6.0,3.0,0.0,0.0,0.0,1,0,0,0,0,0,0,0,0,0,0,0,0,1,0,0,0,0,0,0,,3.1999999999999993,4,0,0,0,0,0,0
167,Bachelorette,8,Emily Maynard,08_RYAN_B,Ryan Bowers,31,,R,,,,ED,,,,,0.0,1.0,12.0,8.0,8.0,1.0,0.0,0.0,0.0,0.0,0,0,0,0,0,0,0,0,0,0,0,1,0,0,0,0,0,0,0,0,,1.1999999999999993,4,0,0,1,0,0,0
168,Bachelorette,8,Emily Maynard,08_TRAVIS_P,Travis Pope,30,,,,,,ED,,,,,0.0,0.0,12.0,8.0,8.0,1.0,0.0,0.0,0.0,0.0,0,0,0,0,0,0,0,0,0,0,0,0,0,0,0,0,0,0,0,0,,0.1999999999999993,4,0,0,1,0,0,0
169,Bachelorette,8,Emily Maynard,08_ALEJANDRO_V,Alejandro Velez,25,,,,,E,,,,,,0.0,13.0,12.0,0.0,8.0,0.0,0.0,0.0,0.0,0.0,0,0,0,0,0,0,0,0,0,0,0,0,0,0,0,0,0,0,0,0,,-4.800000000000001,4,0,0,0,0,0,0
170,Bachelorette,8,Emily Maynard,08_KALON_M,Kalon McMahon,27,,,,,ED,,,,,,0.0,13.0,0.0,8.0,8.0,0.0,0.0,0.0,0.0,0.0,0,0,0,0,0,0,0,0,0,0,0,0,0,0,0,0,0,0,0,0,,-2.8000000000000007,4,0,0,1,0,0,0
171,Bachelorette,8,Emily Maynard,08_CHARLIE_G,Charlie Grogan,32,,,,E,,,,,,,0.0,13.0,12.0,8.0,0.0,0.0,0.0,0.0,0.0,0.0,0,0,0,0,0,0,0,0,0,0,0,0,0,0,0,0,0,0,0,0,,2.1999999999999993,4,0,0,0,0,0,0
172,Bachelorette,8,Emily Maynard,08_MICHAEL_N,Michael Nance,26,,,,E,,,,,,,0.0,13.0,12.0,0.0,0.0,0.0,0.0,0.0,0.0,0.0,0,0,0,0,0,0,0,0,0,0,0,0,0,0,0,0,0,0,0,0,,-3.8000000000000007,4,0,0,1,0,0,0
173,Bachelorette,8,Emily Maynard,08_NATHAN_B,Nathan Baake,25,,,,ED,,,,,,,0.0,13.0,0.0,2.0,0.0,0.0,0.0,0.0,0.0,0.0,0,0,0,0,0,0,0,0,0,0,0,0,0,0,0,0,0,0,0,0,,-4.800000000000001,4,0,0,0,0,0,0
174,Bachelorette,8,Emily Maynard,08_STEVIE_A,Stevie Alberino,26,,,E,,,,,,,,0.0,13.0,12.0,0.0,0.0,0.0,0.0,0.0,0.0,0.0,0,0,0,0,0,0,0,0,0,0,0,0,0,0,0,0,0,0,0,0,,-3.8000000000000007,4,0,0,0,0,0,0
175,Bachelorette,8,Emily Maynard,08_ALESSANDRO_G,Alessandro Goulart,30,,,EU,,,,,,,,0.0,13.0,12.0,0.0,0.0,0.0,0.0,0.0,0.0,0.0,0,0,0,0,0,0,0,0,0,0,0,0,0,0,0,0,0,0,0,0,,0.1999999999999993,4,0,0,0,0,0,0
176,Bachelorette,8,Emily Maynard,08_TONY_P,Tony Pieper,31,,,ED,,,,,,,,0.0,13.0,12.0,0.0,0.0,0.0,0.0,0.0,0.0,0.0,0,0,0,0,0,0,0,0,0,0,0,0,0,0,0,0,0,0,0,0,,1.1999999999999993,4,0,0,0,0,0,0
177,Bachelorette,8,Emily Maynard,08_AARON_M,Aaron Martell,36,,E,,,,,,,,,0.0,13.0,0.0,0.0,0.0,0.0,0.0,0.0,0.0,0.0,0,0,0,0,0,0,0,0,0,0,0,0,0,0,0,0,0,0,0,0,,6.199999999999999,4,0,0,0,0,0,0
178,Bachelorette,8,Emily Maynard,08_KYLE_D,Kyle Dillon,29,,E,,,,,,,,,0.0,13.0,0.0,0.0,0.0,0.0,0.0,0.0,0.0,0.0,0,0,0,0,0,0,0,0,0,0,0,0,0,0,0,0,0,0,0,0,,-0.8000000000000007,4,0,0,0,0,0,0
179,Bachelorette,8,Emily Maynard,08_JOE_G,Joe Gendreau,27,,ED,,,,,,,,,0.0,1.0,0.0,0.0,0.0,0.0,0.0,0.0,0.0,0.0,0,0,0,0,0,0,0,0,0,0,0,0,0,0,0,0,0,0,0,0,,-2.8000000000000007,4,0,0,1,1,0,0
180,Bachelorette,8,Emily Maynard,08_BRENT_R,Brent Richter,41,E,,,,,,,,,,0.0,0.0,0.0,0.0,0.0,0.0,0.0,0.0,0.0,0.0,0,0,0,0,0,0,0,0,0,0,0,0,0,0,0,0,0,0,0,0,,11.2,4,0,0,1,0,0,0
181,Bachelorette,8,Emily Maynard,08_DAVID_H,David Homyk,33,E,,,,,,,,,,0.0,0.0,0.0,0.0,0.0,0.0,0.0,0.0,0.0,0.0,0,0,0,0,0,0,0,0,0,0,0,0,0,0,0,0,0,0,0,0,,3.1999999999999993,4,0,0,1,0,0,0
182,Bachelorette,8,Emily Maynard,08_JACKSON_L,Jackson Longnecker,29,E,,,,,,,,,,0.0,0.0,0.0,0.0,0.0,0.0,0.0,0.0,0.0,0.0,0,0,0,0,0,0,0,0,0,0,0,0,0,0,0,0,0,0,0,0,,-0.8000000000000007,4,0,0,0,0,0,0
183,Bachelorette,8,Emily Maynard,08_JEANPAUL_L,JeanPaul LaCount,35,E,,,,,,,,,,0.0,0.0,0.0,0.0,0.0,0.0,0.0,0.0,0.0,0.0,0,0,0,0,0,0,0,0,0,0,0,0,0,0,0,0,0,0,0,0,,5.199999999999999,4,0,0,0,0,0,0
184,Bachelorette,8,Emily Maynard,08_LERONE_A,Lerone Anu,29,E,,,,,,,,,,0.0,0.0,0.0,0.0,0.0,0.0,0.0,0.0,0.0,0.0,0,0,0,0,0,0,0,0,0,0,0,0,0,0,0,0,0,0,0,0,,-0.8000000000000007,4,0,0,0,0,0,0
185,Bachelorette,8,Emily Maynard,08_RANDY_W,Randy Woyak,30,E,,,,,,,,,,0.0,0.0,0.0,0.0,0.0,0.0,0.0,0.0,0.0,0.0,0,0,0,0,0,0,0,0,0,0,0,0,0,0,0,0,0,0,0,0,,0.1999999999999993,4,0,0,0,0,0,0
186,Bachelorette,6,Ali Fedotowsky,06_ROBERT_M,Robert Martinez,26,R1,,R,,,,,,,W,0.0,0.0,1.0,7.0,6.0,4.0,1.0,1.0,1.0,1.0,1,0,0,0,0,0,0,0,0,0,0,0,1,0,0,0,0,0,0,0,-1.0,-2.16,0,0,0,0,0,1,1
187,Bachelorette,6,Ali Fedotowsky,06_CHRIS_L,Chris Lambton,33,,,,R,,,,,,ED,0.0,0.0,9.0,1.0,6.0,4.0,1.0,1.0,1.0,1.0,0,0,0,0,0,0,0,0,0,0,0,0,0,1,0,0,0,0,0,0,-8.0,4.84,0,0,0,0,0,1,0
188,Bachelorette,6,Ali Fedotowsky,06_FRANK_N,Frank Neuschaefer,31,,R,,,,R,,,EF,,0.0,1.0,9.0,7.0,6.0,1.0,2.0,1.0,1.0,0.0,0,0,0,0,0,0,0,0,0,0,0,1,0,0,0,1,0,0,0,0,-6.0,2.84,0,0,0,0,0,1,0
189,Bachelorette,6,Ali Fedotowsky,06_KIRK_D,Kirk DeWindt,27,,,R,,R,,,E,,,0.0,12.0,9.0,7.0,1.0,4.0,1.0,1.0,0.0,0.0,0,0,0,0,0,0,0,0,0,0,0,0,1,0,1,0,0,0,0,0,-2.0,-1.1600000000000001,0,0,0,0,0,0,0
190,Bachelorette,6,Ali Fedotowsky,06_TY_B,Ty Brown,31,,R,,,R,R,E,,,,0.0,12.0,0.0,7.0,6.0,1.0,2.0,0.0,0.0,0.0,0,0,0,0,0,0,0,0,0,0,0,1,0,0,1,1,0,0,0,0,-6.0,2.84,0,0,0,0,1,0,0
191,Bachelorette,6,Ali Fedotowsky,06_CRAIG_R,Craig Robinson,27,,,,,,E,,,,,0.0,12.0,9.0,7.0,6.0,4.0,0.0,0.0,0.0,0.0,0,0,0,0,0,0,0,0,0,0,0,0,0,0,0,0,0,0,0,0,-2.0,-1.1600000000000001,0,0,0,0,0,0,0
192,Bachelorette,6,Ali Fedotowsky,06_JUSTIN_R,Justin Rego,26,,,,,R,EF,,,,,0.0,12.0,9.0,0.0,2.0,0.0,0.0,0.0,0.0,0.0,0,0,0,0,0,0,0,0,0,0,0,0,0,0,1,0,0,0,0,0,-1.0,-2.16,0,0,0,0,0,0,0
193,Bachelorette,6,Ali Fedotowsky,06_CHRIS_N,Chris Nordhorn,29,,,,,E,,,,,,0.0,12.0,9.0,0.0,6.0,0.0,0.0,0.0,0.0,0.0,0,0,0,0,0,0,0,0,0,0,0,0,0,0,0,0,0,0,0,0,-4.0,0.8399999999999999,0,0,0,0,0,0,0
194,Bachelorette,6,Ali Fedotowsky,06_KASEY_K,Kasey Kahl,27,,,,,ED,,,,,,0.0,12.0,0.0,1.0,2.0,0.0,0.0,0.0,0.0,0.0,0,0,0,0,0,0,0,0,0,0,0,0,0,0,0,0,0,0,0,0,-2.0,-1.1600000000000001,0,0,0,0,1,0,0
195,Bachelorette,6,Ali Fedotowsky,06_JESSE_B,Jesse Beck,24,,R,,E,,,,,,,0.0,1.0,9.0,7.0,0.0,0.0,0.0,0.0,0.0,0.0,0,0,0,0,0,0,0,0,0,0,0,1,0,0,0,0,0,0,0,0,1.0,-4.16,2,0,0,0,0,0,0
196,Bachelorette,6,Ali Fedotowsky,06_JONATHAN_N,Jonathan Novack,30,,,,E,,,,,,,0.0,12.0,9.0,7.0,0.0,0.0,0.0,0.0,0.0,0.0,0,0,0,0,0,0,0,0,0,0,0,0,0,0,0,0,0,0,0,0,-5.0,1.8399999999999999,0,0,0,0,0,0,0
197,Bachelorette,6,Ali Fedotowsky,06_JOHN_C,John Crivello,32,,,E,,,,,,,,0.0,0.0,9.0,0.0,0.0,0.0,0.0,0.0,0.0,0.0,0,0,0,0,0,0,0,0,0,0,0,0,0,0,0,0,0,0,0,0,-7.0,3.84,0,0,0,0,0,0,0
198,Bachelorette,6,Ali Fedotowsky,06_STEVE_K,Steve Kocsis,28,,,E,,,,,,,,0.0,12.0,0.0,0.0,0.0,0.0,0.0,0.0,0.0,0.0,0,0,0,0,0,0,0,0,0,0,0,0,0,0,0,0,0,0,0,0,-3.0,-0.16000000000000014,0,0,0,0,1,0,0
199,Bachelorette,6,Ali Fedotowsky,06_HUNTER_W,Hunter Wagner,28,,,ED,,,,,,,,0.0,12.0,1.0,0.0,0.0,0.0,0.0,0.0,0.0,0.0,0,0,0,0,0,0,0,0,0,0,0,0,0,0,0,0,0,0,0,0,-3.0,-0.16000000000000014,0,0,0,0,0,0,0
200,Bachelorette,6,Ali Fedotowsky,06_CHRIS_H,Chris Hasek-Watt,27,,E,,,,,,,,,0.0,12.0,0.0,0.0,0.0,0.0,0.0,0.0,0.0,0.0,0,0,0,0,0,0,0,0,0,0,0,0,0,0,0,0,0,0,0,0,-2.0,-1.1600000000000001,0,0,0,0,0,0,0
201,Bachelorette,6,Ali Fedotowsky,06_CRAIG_M,Craig McKinnon,34,,E,,,,,,,,,0.0,12.0,0.0,0.0,0.0,0.0,0.0,0.0,0.0,0.0,0,0,0,0,0,0,0,0,0,0,0,0,0,0,0,0,0,0,0,0,-9.0,5.84,0,0,0,0,1,0,0
202,Bachelorette,6,Ali Fedotowsky,06_TYLER_V,Tyler Vermette,25,,E,,,,,,,,,0.0,12.0,0.0,0.0,0.0,0.0,0.0,0.0,0.0,0.0,0,0,0,0,0,0,0,0,0,0,0,0,0,0,0,0,0,0,0,0,0.0,-3.16,1,0,0,0,1,0,0
203,Bachelorette,6,Ali Fedotowsky,06_DEREK_X,Derek X,28,E,,,,,,,,,,0.0,0.0,0.0,0.0,0.0,0.0,0.0,0.0,0.0,0.0,0,0,0,0,0,0,0,0,0,0,0,0,0,0,0,0,0,0,0,0,-3.0,-0.16000000000000014,0,0,0,0,1,0,0
204,Bachelorette,6,Ali Fedotowsky,06_DERRICK_S,Derrick Schuster,27,E,,,,,,,,,,0.0,0.0,0.0,0.0,0.0,0.0,0.0,0.0,0.0,0.0,0,0,0,0,0,0,0,0,0,0,0,0,0,0,0,0,0,0,0,0,-2.0,-1.1600000000000001,0,0,0,0,0,0,0
205,Bachelorette,6,Ali Fedotowsky,06_JASON_W,Jason Whitehead,27,E,,,,,,,,,,0.0,0.0,0.0,0.0,0.0,0.0,0.0,0.0,0.0,0.0,0,0,0,0,0,0,0,0,0,0,0,0,0,0,0,0,0,0,0,0,-2.0,-1.1600000000000001,0,0,0,0,0,0,0
206,Bachelorette,6,Ali Fedotowsky,06_JAY_R,Jay Resmini,29,E,,,,,,,,,,0.0,0.0,0.0,0.0,0.0,0.0,0.0,0.0,0.0,0.0,0,0,0,0,0,0,0,0,0,0,0,0,0,0,0,0,0,0,0,0,-4.0,0.8399999999999999,0,0,0,0,0,0,0
207,Bachelorette,6,Ali Fedotowsky,06_JOHN_N,John N,27,E,,,,,,,,,,0.0,0.0,0.0,0.0,0.0,0.0,0.0,0.0,0.0,0.0,0,0,0,0,0,0,0,0,0,0,0,0,0,0,0,0,0,0,0,0,-2.0,-1.1600000000000001,0,0,0,0,1,0,0
208,Bachelorette,6,Ali Fedotowsky,06_KYLE_H,Kyle Higgins,26,E,,,,,,,,,,0.0,0.0,0.0,0.0,0.0,0.0,0.0,0.0,0.0,0.0,0,0,0,0,0,0,0,0,0,0,0,0,0,0,0,0,0,0,0,0,-1.0,-2.16,0,0,0,0,0,0,0
209,Bachelorette,6,Ali Fedotowsky,06_PHIL_K,Phil Kayden,30,E,,,,,,,,,,0.0,0.0,0.0,0.0,0.0,0.0,0.0,0.0,0.0,0.0,0,0,0,0,0,0,0,0,0,0,0,0,0,0,0,0,0,0,0,0,-5.0,1.8399999999999999,0,0,0,0,0,0,0
210,Bachelorette,6,Ali Fedotowsky,06_TYLER_M,Tyler Morrow,25,E,,,,,,,,,,0.0,0.0,0.0,0.0,0.0,0.0,0.0,0.0,0.0,0.0,0,0,0,0,0,0,0,0,0,0,0,0,0,0,0,0,0,0,0,0,0.0,-3.16,1,0,0,0,0,0,0
211,Bachelorette,5,Jillian Harris,05_ED_S,Ed Swiderski,29,,,R,,,,,,,W,0.0,8.0,1.0,10.0,8.0,0.0,1.0,1.0,1.0,1.0,0,0,0,0,0,0,0,0,0,0,0,0,1,0,0,0,0,0,0,0,0.0,0.466666666666665,1,0,0,0,0,1,1
212,Bachelorette,5,Jillian Harris,05_KIPTYN_L,Kiptyn Locke,31,,,,R,,R,,,,E,0.0,7.0,11.0,1.0,8.0,6.0,1.0,1.0,1.0,1.0,0,0,0,0,0,0,0,0,0,0,0,0,0,1,0,1,0,0,0,0,-2.0,2.466666666666665,0,0,0,0,0,1,0
213,Bachelorette,5,Jillian Harris,05_REID_R,Reid Rosenthal,30,,,,,,R,,,E,,0.0,0.0,11.0,10.0,8.0,1.0,1.0,1.0,1.0,0.0,0,0,0,0,0,0,0,0,0,0,0,0,0,0,0,1,0,0,0,0,-1.0,1.466666666666665,0,0,0,0,0,1,0
214,Bachelorette,5,Jillian Harris,05_WES_H,Wes Hayden,32,,R,,,,,,E,,,0.0,8.0,11.0,10.0,8.0,6.0,1.0,1.0,0.0,0.0,0,0,0,0,0,0,0,0,0,0,0,1,0,0,0,0,0,0,0,0,-3.0,3.466666666666665,0,0,0,0,1,0,0
215,Bachelorette,5,Jillian Harris,05_JESSE_K,Jesse Kovacs,27,,,,R,R,,E,,,,0.0,7.0,0.0,10.0,1.0,6.0,1.0,0.0,0.0,0.0,0,0,0,0,0,0,0,0,0,0,0,0,0,1,1,0,0,0,0,0,2.0,-1.533333333333335,2,0,0,0,0,0,0
216,Bachelorette,5,Jillian Harris,05_MICHAEL_S,Michael Stagliano,25,,,,,R,,E,,,,0.0,8.0,11.0,10.0,1.0,6.0,1.0,0.0,0.0,0.0,0,0,0,0,0,0,0,0,0,0,0,0,0,0,1,0,0,0,0,0,4.0,-3.533333333333335,2,0,0,0,0,0,0
217,Bachelorette,5,Jillian Harris,05_JAKE_P,Jake Pavelka,31,,R,,,,E,,,,,0.0,1.0,0.0,10.0,8.0,6.0,0.0,0.0,0.0,0.0,0,0,0,0,0,0,0,0,0,0,0,1,0,0,0,0,0,0,0,0,-2.0,2.466666666666665,0,0,0,0,0,0,0
218,Bachelorette,5,Jillian Harris,05_TANNER_P,Tanner Pope,30,,,,,,E,,,,,0.0,8.0,11.0,10.0,8.0,6.0,0.0,0.0,0.0,0.0,0,0,0,0,0,0,0,0,0,0,0,0,0,0,0,0,0,0,0,0,-1.0,1.466666666666665,0,0,0,0,0,0,0
219,Bachelorette,5,Jillian Harris,05_ROBBY_D,Robby Descant,25,,,R,,,ED,,,,,0.0,0.0,11.0,10.0,8.0,1.0,0.0,0.0,0.0,0.0,0,0,0,0,0,0,0,0,0,0,0,0,1,0,0,0,0,0,0,0,4.0,-3.533333333333335,2,0,0,0,0,0,0
220,Bachelorette,5,Jillian Harris,05_MARK_H,Mark Huebner,26,,,,R,E,,,,,,0.0,7.0,11.0,2.0,8.0,0.0,0.0,0.0,0.0,0.0,0,0,0,0,0,0,0,0,0,0,0,0,0,1,0,0,0,0,0,0,3.0,-2.533333333333335,2,0,0,0,0,0,0
221,Bachelorette,5,Jillian Harris,05_DAVID_G,David Good,27,R1,,,E,,,,,,,0.0,7.0,0.0,10.0,0.0,0.0,0.0,0.0,0.0,0.0,1,0,0,0,0,0,0,0,0,0,0,0,0,0,0,0,0,0,0,0,2.0,-1.533333333333335,2,0,0,0,0,0,0
222,Bachelorette,5,Jillian Harris,05_JUAN_B,Juan Barbieri,35,,R,,E,,,,,,,0.0,7.0,11.0,10.0,0.0,0.0,0.0,0.0,0.0,0.0,0,0,0,0,0,0,0,0,0,0,0,1,0,0,0,0,0,0,0,0,-6.0,6.466666666666665,0,0,0,0,0,0,0
223,Bachelorette,5,Jillian Harris,05_MIKE_S,Mike Steinberg,28,,R,,ED,,,,,,,0.0,7.0,11.0,2.0,0.0,0.0,0.0,0.0,0.0,0.0,0,0,0,0,0,0,0,0,0,0,0,1,0,0,0,0,0,0,0,0,1.0,-0.533333333333335,2,0,0,0,0,0,0
224,Bachelorette,5,Jillian Harris,05_BRAD_S,Brad Seberhagen,27,,,E,,,,,,,,0.0,8.0,11.0,0.0,0.0,0.0,0.0,0.0,0.0,0.0,0,0,0,0,0,0,0,0,0,0,0,0,0,0,0,0,0,0,0,0,2.0,-1.533333333333335,2,0,0,0,0,0,0
225,Bachelorette,5,Jillian Harris,05_TANNER_F,Tanner Fanello,28,,,E,,,,,,,,0.0,0.0,11.0,0.0,0.0,0.0,0.0,0.0,0.0,0.0,0,0,0,0,0,0,0,0,0,0,0,0,0,0,0,0,0,0,0,0,1.0,-0.533333333333335,2,0,0,0,0,0,0
226,Bachelorette,5,Jillian Harris,05_SASHA_P,Sasha Petrovic,27,,,ED,,,,,,,,0.0,8.0,1.0,0.0,0.0,0.0,0.0,0.0,0.0,0.0,0,0,0,0,0,0,0,0,0,0,0,0,0,0,0,0,0,0,0,0,2.0,-1.533333333333335,2,0,0,0,0,0,0
227,Bachelorette,5,Jillian Harris,05_BRIAN_D,Brian Duke,32,,E,,,,,,,,,0.0,8.0,0.0,0.0,0.0,0.0,0.0,0.0,0.0,0.0,0,0,0,0,0,0,0,0,0,0,0,0,0,0,0,0,0,0,0,0,-3.0,3.466666666666665,0,0,0,0,0,0,0
228,Bachelorette,5,Jillian Harris,05_JULIEN_H,Julien Hug,34,,E,,,,,,,,,0.0,0.0,0.0,0.0,0.0,0.0,0.0,0.0,0.0,0.0,0,0,0,0,0,0,0,0,0,0,0,0,0,0,0,0,0,0,0,0,-5.0,5.466666666666665,0,0,0,0,0,0,0
229,Bachelorette,5,Jillian Harris,05_MATHUE_J,Mathue Johnson,25,,E,,,,,,,,,0.0,8.0,0.0,0.0,0.0,0.0,0.0,0.0,0.0,0.0,0,0,0,0,0,0,0,0,0,0,0,0,0,0,0,0,0,0,0,0,4.0,-3.533333333333335,2,0,0,0,0,0,0
230,Bachelorette,5,Jillian Harris,05_SIMON_A,Simon Ambrose,26,,E,,,,,,,,,0.0,7.0,0.0,0.0,0.0,0.0,0.0,0.0,0.0,0.0,0,0,0,0,0,0,0,0,0,0,0,0,0,0,0,0,0,0,0,0,3.0,-2.533333333333335,2,0,0,0,0,0,0
231,Bachelorette,5,Jillian Harris,05_ADAM_D,Adam Duvendeck,27,E,,,,,,,,,,0.0,0.0,0.0,0.0,0.0,0.0,0.0,0.0,0.0,0.0,0,0,0,0,0,0,0,0,0,0,0,0,0,0,0,0,0,0,0,0,2.0,-1.533333333333335,2,0,0,0,0,0,0
232,Bachelorette,5,Jillian Harris,05_BRIAN_V,Brian Vaderman,28,E,,,,,,,,,,0.0,0.0,0.0,0.0,0.0,0.0,0.0,0.0,0.0,0.0,0,0,0,0,0,0,0,0,0,0,0,0,0,0,0,0,0,0,0,0,1.0,-0.533333333333335,2,0,0,0,0,0,0
233,Bachelorette,5,Jillian Harris,05_BRYCE_H,Bryce Harlow,31,E,,,,,,,,,,0.0,0.0,0.0,0.0,0.0,0.0,0.0,0.0,0.0,0.0,0,0,0,0,0,0,0,0,0,0,0,0,0,0,0,0,0,0,0,0,-2.0,2.466666666666665,0,0,0,0,0,0,0
234,Bachelorette,5,Jillian Harris,05_CALEB_K,Caleb Kuhl,27,E,,,,,,,,,,0.0,0.0,0.0,0.0,0.0,0.0,0.0,0.0,0.0,0.0,0,0,0,0,0,0,0,0,0,0,0,0,0,0,0,0,0,0,0,0,2.0,-1.533333333333335,2,0,0,0,1,0,0
235,Bachelorette,5,Jillian Harris,05_GREG_B,Greg Bilbro,31,E,,,,,,,,,,0.0,0.0,0.0,0.0,0.0,0.0,0.0,0.0,0.0,0.0,0,0,0,0,0,0,0,0,0,0,0,0,0,0,0,0,0,0,0,0,-2.0,2.466666666666665,0,0,0,0,0,0,0
236,Bachelorette,5,Jillian Harris,05_JOHN_H,John Hardesty,27,E,,,,,,,,,,0.0,0.0,0.0,0.0,0.0,0.0,0.0,0.0,0.0,0.0,0,0,0,0,0,0,0,0,0,0,0,0,0,0,0,0,0,0,0,0,2.0,-1.533333333333335,2,0,0,0,0,0,0
237,Bachelorette,5,Jillian Harris,05_JOHN_P,John Presser,29,E,,,,,,,,,,0.0,0.0,0.0,0.0,0.0,0.0,0.0,0.0,0.0,0.0,0,0,0,0,0,0,0,0,0,0,0,0,0,0,0,0,0,0,0,0,0.0,0.466666666666665,1,0,0,0,0,0,0
238,Bachelorette,5,Jillian Harris,05_JOSH_Y,Josh Yocam,25,E,,,,,,,,,,0.0,0.0,0.0,0.0,0.0,0.0,0.0,0.0,0.0,0.0,0,0,0,0,0,0,0,0,0,0,0,0,0,0,0,0,0,0,0,0,4.0,-3.533333333333335,2,0,0,0,0,0,0
239,Bachelorette,5,Jillian Harris,05_KYLE_Y,Kyle Yauch,26,E,,,,,,,,,,0.0,0.0,0.0,0.0,0.0,0.0,0.0,0.0,0.0,0.0,0,0,0,0,0,0,0,0,0,0,0,0,0,0,0,0,0,0,0,0,3.0,-2.533333333333335,2,0,0,0,1,0,0
240,Bachelorette,5,Jillian Harris,05_STEPHEN_R,Stephen Reich,30,E,,,,,,,,,,0.0,0.0,0.0,0.0,0.0,0.0,0.0,0.0,0.0,0.0,0,0,0,0,0,0,0,0,0,0,0,0,0,0,0,0,0,0,0,0,-1.0,1.466666666666665,0,0,0,0,0,0,0
241,Bachelorette,4,DeAnna Pappas,04_JESSE_C,Jesse Csincsak,26,R1,,,R,,,,W,,,0.0,7.0,10.0,1.0,4.0,1.0,1.0,1.0,0.0,0.0,1,0,0,0,0,0,0,0,0,0,0,0,0,1,0,0,0,0,0,0,,-3.3599999999999994,4,0,0,0,0,1,1
242,Bachelorette,4,DeAnna Pappas,04_JASON_M,Jason Mesnick,31,,,R,,,,,E,,,0.0,7.0,1.0,6.0,4.0,1.0,1.0,1.0,0.0,0.0,0,0,0,0,0,0,0,0,0,0,0,0,1,0,0,0,0,0,0,0,,1.6400000000000006,4,0,0,0,0,1,0
243,Bachelorette,4,DeAnna Pappas,04_JEREMY_A,Jeremy Anderson,30,R1,R,,,,,E,,,,0.0,7.0,10.0,6.0,1.0,1.0,1.0,0.0,0.0,0.0,1,0,0,0,0,0,0,0,0,0,0,1,0,0,0,0,0,0,0,0,,0.6400000000000006,4,0,0,0,0,1,0
244,Bachelorette,4,DeAnna Pappas,04_GRAHAM_B,Graham Bunn,29,,R,,,,E,,,,,0.0,1.0,10.0,6.0,4.0,1.0,0.0,0.0,0.0,0.0,0,0,0,0,0,0,0,0,0,0,0,1,0,0,0,0,0,0,0,0,,-0.35999999999999943,4,0,0,0,0,0,0
245,Bachelorette,4,DeAnna Pappas,04_SEAN_R,Sean Ramey,33,,,,R,E,,,,,,0.0,7.0,10.0,6.0,1.0,0.0,0.0,0.0,0.0,0.0,0,0,0,0,0,0,0,0,0,0,0,0,0,1,0,0,0,0,0,0,,3.6400000000000006,4,0,0,0,0,0,0
246,Bachelorette,4,DeAnna Pappas,04_BLAINE_T,Blaine Twilley,33,,,,,E,,,,,,0.0,7.0,10.0,6.0,4.0,0.0,0.0,0.0,0.0,0.0,0,0,0,0,0,0,0,0,0,0,0,0,0,0,0,0,0,0,0,0,,3.6400000000000006,4,0,0,0,0,0,0
247,Bachelorette,4,DeAnna Pappas,04_FREDERICK_G,"Frederick ""Fred"" Greif",30,,,R,ED,,,,,,,0.0,7.0,10.0,2.0,0.0,0.0,0.0,0.0,0.0,0.0,0,0,0,0,0,0,0,0,0,0,0,0,1,0,0,0,0,0,0,0,,0.6400000000000006,4,0,0,0,0,0,0
248,Bachelorette,4,DeAnna Pappas,04_ROBERT_F,Robert Fair,28,,,R,ED,,,,,,,0.0,7.0,10.0,2.0,0.0,0.0,0.0,0.0,0.0,0.0,0,0,0,0,0,0,0,0,0,0,0,0,1,0,0,0,0,0,0,0,,-1.3599999999999994,4,0,0,0,0,0,0
249,Bachelorette,4,DeAnna Pappas,04_PAUL_B,Paul Brosseau,23,,R,E,,,,,,,,0.0,7.0,10.0,0.0,0.0,0.0,0.0,0.0,0.0,0.0,0,0,0,0,0,0,0,0,0,0,0,1,0,0,0,0,0,0,0,0,,-6.359999999999999,4,0,0,0,0,0,0
250,Bachelorette,4,DeAnna Pappas,04_RONALD_M,Ronald Mayer,36,,,E,,,,,,,,0.0,7.0,10.0,0.0,0.0,0.0,0.0,0.0,0.0,0.0,0,0,0,0,0,0,0,0,0,0,0,0,0,0,0,0,0,0,0,0,,6.640000000000001,4,0,0,0,0,0,0
251,Bachelorette,4,DeAnna Pappas,04_RICHARD_M,Richard Mathy,27,R1,,ED,,,,,,,,0.0,7.0,1.0,0.0,0.0,0.0,0.0,0.0,0.0,0.0,1,0,0,0,0,0,0,0,0,0,0,0,0,0,0,0,0,0,0,0,,-2.3599999999999994,4,0,0,0,0,0,0
252,Bachelorette,4,DeAnna Pappas,04_CHRISTOPHER_B,"Christopher ""Chris"" Bradshaw",29,,E,,,,,,,,,0.0,7.0,0.0,0.0,0.0,0.0,0.0,0.0,0.0,0.0,0,0,0,0,0,0,0,0,0,0,0,0,0,0,0,0,0,0,0,0,,-0.35999999999999943,4,0,0,0,0,0,0
253,Bachelorette,4,DeAnna Pappas,04_ERIC_P,Eric Papachristos,32,,E,,,,,,,,,0.0,7.0,0.0,0.0,0.0,0.0,0.0,0.0,0.0,0.0,0,0,0,0,0,0,0,0,0,0,0,0,0,0,0,0,0,0,0,0,,2.6400000000000006,4,0,0,0,0,0,0
254,Bachelorette,4,DeAnna Pappas,04_RYAN_H,Ryan Hoag,28,,E,,,,,,,,,0.0,7.0,0.0,0.0,0.0,0.0,0.0,0.0,0.0,0.0,0,0,0,0,0,0,0,0,0,0,0,0,0,0,0,0,0,0,0,0,,-1.3599999999999994,4,0,0,0,0,0,0
255,Bachelorette,4,DeAnna Pappas,04_BRIAN_W,Brian Winchester,29,E,,,,,,,,,,0.0,0.0,0.0,0.0,0.0,0.0,0.0,0.0,0.0,0.0,0,0,0,0,0,0,0,0,0,0,0,0,0,0,0,0,0,0,0,0,,-0.35999999999999943,4,0,0,0,0,0,0
256,Bachelorette,4,DeAnna Pappas,04_BRIAN_W,Brian Westendorf,31,E,,,,,,,,,,0.0,0.0,0.0,0.0,0.0,0.0,0.0,0.0,0.0,0.0,0,0,0,0,0,0,0,0,0,0,0,0,0,0,0,0,0,0,0,0,,1.6400000000000006,4,0,0,0,0,0,0
257,Bachelorette,4,DeAnna Pappas,04_CHANDLER_F,Chandler Fulton,25,E,,,,,,,,,,0.0,0.0,0.0,0.0,0.0,0.0,0.0,0.0,0.0,0.0,0,0,0,0,0,0,0,0,0,0,0,0,0,0,0,0,0,0,0,0,,-4.359999999999999,4,0,0,0,0,0,0
258,Bachelorette,4,DeAnna Pappas,04_DONATO_C,Donato Capodanno,26,E,,,,,,,,,,0.0,0.0,0.0,0.0,0.0,0.0,0.0,0.0,0.0,0.0,0,0,0,0,0,0,0,0,0,0,0,0,0,0,0,0,0,0,0,0,,-3.3599999999999994,4,0,0,0,0,0,0
259,Bachelorette,4,DeAnna Pappas,04_GREGORY_M,"Gregory ""Greg"" Matthew",28,E,,,,,,,,,,0.0,0.0,0.0,0.0,0.0,0.0,0.0,0.0,0.0,0.0,0,0,0,0,0,0,0,0,0,0,0,0,0,0,0,0,0,0,0,0,,-1.3599999999999994,4,0,0,0,0,0,0
260,Bachelorette,4,DeAnna Pappas,04_JEFFREY_H,Jeffrey Harris,27,E,,,,,,,,,,0.0,0.0,0.0,0.0,0.0,0.0,0.0,0.0,0.0,0.0,0,0,0,0,0,0,0,0,0,0,0,0,0,0,0,0,0,0,0,0,,-2.3599999999999994,4,0,0,0,0,0,0
261,Bachelorette,4,DeAnna Pappas,04_JONATHAN_K,"Jonathan ""Jon"" Konkel",35,E,,,,,,,,,,0.0,0.0,0.0,0.0,0.0,0.0,0.0,0.0,0.0,0.0,0,0,0,0,0,0,0,0,0,0,0,0,0,0,0,0,0,0,0,0,,5.640000000000001,4,0,0,0,0,0,0
262,Bachelorette,4,DeAnna Pappas,04_LUKE_H,Luke Hamilton,27,E,,,,,,,,,,0.0,0.0,0.0,0.0,0.0,0.0,0.0,0.0,0.0,0.0,0,0,0,0,0,0,0,0,0,0,0,0,0,0,0,0,0,0,0,0,,-2.3599999999999994,4,0,0,0,0,0,0
263,Bachelorette,4,DeAnna Pappas,04_PATRICK_C,Patrick Carlson,26,E,,,,,,,,,,0.0,0.0,0.0,0.0,0.0,0.0,0.0,0.0,0.0,0.0,0,0,0,0,0,0,0,0,0,0,0,0,0,0,0,0,0,0,0,0,,-3.3599999999999994,4,0,0,0,0,0,0
264,Bachelorette,4,DeAnna Pappas,04_PATRICK_D,Patrick Durrere,27,E,,,,,,,,,,0.0,0.0,0.0,0.0,0.0,0.0,0.0,0.0,0.0,0.0,0,0,0,0,0,0,0,0,0,0,0,0,0,0,0,0,0,0,0,0,,-2.3599999999999994,4,0,0,0,0,0,0
265,Bachelorette,4,DeAnna Pappas,04_SPERO_S,Spero Stamboulis,38,E,,,,,,,,,,0.0,0.0,0.0,0.0,0.0,0.0,0.0,0.0,0.0,0.0,0,0,0,0,0,0,0,0,0,0,0,0,0,0,0,0,0,0,0,0,,8.64,4,0,0,0,0,0,0
266,Bachelorette,2,Meredith Phillips,02_IAN_M,Ian McKee,29,,,,,,,W,,,,0.0,7.0,1.0,4.0,1.0,1.0,1.0,0.0,0.0,0.0,0,0,0,0,0,0,0,0,0,0,0,0,0,0,0,0,0,0,0,0,,-0.6799999999999997,4,0,0,0,0,1,1
267,Bachelorette,2,Meredith Phillips,02_MATTHEW_H,Matthew Hickl,28,,,,,,,E,,,,0.0,7.0,7.0,1.0,1.0,1.0,1.0,0.0,0.0,0.0,0,0,0,0,0,0,0,0,0,0,0,0,0,0,0,0,0,0,0,0,,-1.6799999999999997,4,0,0,0,0,1,0
268,Bachelorette,2,Meredith Phillips,02_CHAD_X,Chad X,31,,,,,,E,,,,,0.0,7.0,7.0,1.0,1.0,1.0,0.0,0.0,0.0,0.0,0,0,0,0,0,0,0,0,0,0,0,0,0,0,0,0,0,0,0,0,,1.3200000000000003,4,0,0,0,0,1,0
269,Bachelorette,2,Meredith Phillips,02_LANNY_X,Lanny X,26,,,,,E,,,,,,0.0,7.0,7.0,1.0,1.0,0.0,0.0,0.0,0.0,0.0,0,0,0,0,0,0,0,0,0,0,0,0,0,0,0,0,0,0,0,0,,-3.6799999999999997,4,0,0,0,0,0,0
270,Bachelorette,2,Meredith Phillips,02_BRAD_X,Brad X,29,,,,E,,,,,,,0.0,7.0,7.0,4.0,0.0,0.0,0.0,0.0,0.0,0.0,0,0,0,0,0,0,0,0,0,0,0,0,0,0,0,0,0,0,0,0,,-0.6799999999999997,4,0,0,0,0,0,0
271,Bachelorette,2,Meredith Phillips,02_RYAN_M,Ryan M,30,,,,E,,,,,,,0.0,7.0,2.0,4.0,0.0,0.0,0.0,0.0,0.0,0.0,0,0,0,0,0,0,0,0,0,0,0,0,0,0,0,0,0,0,0,0,,0.3200000000000003,4,0,0,0,0,0,0
272,Bachelorette,2,Meredith Phillips,02_SEAN_X,Sean X,31,,,,E,,,,,,,0.0,7.0,7.0,4.0,0.0,0.0,0.0,0.0,0.0,0.0,0,0,0,0,0,0,0,0,0,0,0,0,0,0,0,0,0,0,0,0,,1.3200000000000003,4,0,0,0,0,0,0
273,Bachelorette,2,Meredith Phillips,02_RICK_X,Rick X,29,,,E,,,,,,,,0.0,1.0,7.0,0.0,0.0,0.0,0.0,0.0,0.0,0.0,0,0,0,0,0,0,0,0,0,0,0,0,0,0,0,0,0,0,0,0,,-0.6799999999999997,4,0,0,0,0,0,0
274,Bachelorette,2,Meredith Phillips,02_RYAN_R,Ryan R,29,,,E,,,,,,,,0.0,7.0,7.0,0.0,0.0,0.0,0.0,0.0,0.0,0.0,0,0,0,0,0,0,0,0,0,0,0,0,0,0,0,0,0,0,0,0,,-0.6799999999999997,4,0,0,0,0,0,0
275,Bachelorette,2,Meredith Phillips,02_TODD_X,Todd X,36,,,E,,,,,,,,0.0,7.0,2.0,0.0,0.0,0.0,0.0,0.0,0.0,0.0,0,0,0,0,0,0,0,0,0,0,0,0,0,0,0,0,0,0,0,0,,6.32,4,0,0,0,0,0,0
276,Bachelorette,2,Meredith Phillips,02_DAMON_X,Damon X,28,,E,,,,,,,,,0.0,7.0,0.0,0.0,0.0,0.0,0.0,0.0,0.0,0.0,0,0,0,0,0,0,0,0,0,0,0,0,0,0,0,0,0,0,0,0,,-1.6799999999999997,4,0,0,0,0,0,0
277,Bachelorette,2,Meredith Phillips,02_ELIOT_X,Eliot X,25,,E,,,,,,,,,0.0,7.0,0.0,0.0,0.0,0.0,0.0,0.0,0.0,0.0,0,0,0,0,0,0,0,0,0,0,0,0,0,0,0,0,0,0,0,0,,-4.68,4,0,0,0,0,0,0
278,Bachelorette,2,Meredith Phillips,02_HAROLD_H,Harold Hersh,29,,E,,,,,,,,,0.0,7.0,0.0,0.0,0.0,0.0,0.0,0.0,0.0,0.0,0,0,0,0,0,0,0,0,0,0,0,0,0,0,0,0,0,0,0,0,,-0.6799999999999997,4,0,0,0,0,0,0
279,Bachelorette,2,Meredith Phillips,02_MARCUS_X,Marcus X,26,,E,,,,,,,,,0.0,7.0,0.0,0.0,0.0,0.0,0.0,0.0,0.0,0.0,0,0,0,0,0,0,0,0,0,0,0,0,0,0,0,0,0,0,0,0,,-3.6799999999999997,4,0,0,0,1,0,0
280,Bachelorette,2,Meredith Phillips,02_ROBERT_X,Robert X,32,,E,,,,,,,,,0.0,7.0,0.0,0.0,0.0,0.0,0.0,0.0,0.0,0.0,0,0,0,0,0,0,0,0,0,0,0,0,0,0,0,0,0,0,0,0,,2.3200000000000003,4,0,0,0,0,0,0
281,Bachelorette,2,Meredith Phillips,02_AARON_X,Aaron X,32,E,,,,,,,,,,0.0,0.0,0.0,0.0,0.0,0.0,0.0,0.0,0.0,0.0,0,0,0,0,0,0,0,0,0,0,0,0,0,0,0,0,0,0,0,0,,2.3200000000000003,4,0,0,0,0,0,0
282,Bachelorette,2,Meredith Phillips,02_ANDY_C,Andy Chang,33,E,,,,,,,,,,0.0,0.0,0.0,0.0,0.0,0.0,0.0,0.0,0.0,0.0,0,0,0,0,0,0,0,0,0,0,0,0,0,0,0,0,0,0,0,0,,3.3200000000000003,4,0,0,0,0,0,0
283,Bachelorette,2,Meredith Phillips,02_ANSELM_C,Anselm Clinard,32,E,,,,,,,,,,0.0,0.0,0.0,0.0,0.0,0.0,0.0,0.0,0.0,0.0,0,0,0,0,0,0,0,0,0,0,0,0,0,0,0,0,0,0,0,0,,2.3200000000000003,4,0,0,0,0,0,0
284,Bachelorette,2,Meredith Phillips,02_BRIAN_X,Brian X,31,E,,,,,,,,,,0.0,0.0,0.0,0.0,0.0,0.0,0.0,0.0,0.0,0.0,0,0,0,0,0,0,0,0,0,0,0,0,0,0,0,0,0,0,0,0,,1.3200000000000003,4,0,0,0,0,0,0
285,Bachelorette,2,Meredith Phillips,02_CHRIS_X,Chris X,31,E,,,,,,,,,,0.0,0.0,0.0,0.0,0.0,0.0,0.0,0.0,0.0,0.0,0,0,0,0,0,0,0,0,0,0,0,0,0,0,0,0,0,0,0,0,,1.3200000000000003,4,0,0,0,0,0,0
286,Bachelorette,2,Meredith Phillips,02_CORY_H,Cory Higgins,24,E,,,,,,,,,,0.0,0.0,0.0,0.0,0.0,0.0,0.0,0.0,0.0,0.0,0,0,0,0,0,0,0,0,0,0,0,0,0,0,0,0,0,0,0,0,,-5.68,4,0,0,0,0,0,0
287,Bachelorette,2,Meredith Phillips,02_JEFF_O,Jeff O'Quinn,30,E,,,,,,,,,,0.0,0.0,0.0,0.0,0.0,0.0,0.0,0.0,0.0,0.0,0,0,0,0,0,0,0,0,0,0,0,0,0,0,0,0,0,0,0,0,,0.3200000000000003,4,0,0,0,0,0,0
288,Bachelorette,2,Meredith Phillips,02_JUSTIN_X,Justin X,25,E,,,,,,,,,,0.0,0.0,0.0,0.0,0.0,0.0,0.0,0.0,0.0,0.0,0,0,0,0,0,0,0,0,0,0,0,0,0,0,0,0,0,0,0,0,,-4.68,4,0,0,0,0,0,0
289,Bachelorette,2,Meredith Phillips,02_KEITH_X,Keith X,31,E,,,,,,,,,,0.0,0.0,0.0,0.0,0.0,0.0,0.0,0.0,0.0,0.0,0,0,0,0,0,0,0,0,0,0,0,0,0,0,0,0,0,0,0,0,,1.3200000000000003,4,0,0,0,0,0,0
290,Bachelorette,2,Meredith Phillips,02_TREVER_X,Trever X,35,E,,,,,,,,,,0.0,0.0,0.0,0.0,0.0,0.0,0.0,0.0,0.0,0.0,0,0,0,0,0,0,0,0,0,0,0,0,0,0,0,0,0,0,0,0,,5.32,4,0,0,0,0,0,0
291,Bachelorette,1,Trista Rehn,01_RYAN_S,Ryan Sutter,29,,,,,,W,,,,,0.0,14.0,1.0,1.0,1.0,1.0,0.0,0.0,0.0,0.0,0,0,0,0,0,0,0,0,0,0,0,0,0,0,0,0,0,0,0,0,1.0,-0.7199999999999989,2,0,0,0,0,1,1
292,Bachelorette,1,Trista Rehn,01_CHARLIE_M,Charlie Maher,28,,,,,,E,,,,,0.0,14.0,1.0,1.0,1.0,1.0,0.0,0.0,0.0,0.0,0,0,0,0,0,0,0,0,0,0,0,0,0,0,0,0,0,0,0,0,2.0,-1.7199999999999989,2,0,0,0,0,1,0
293,Bachelorette,1,Trista Rehn,01_RUSS_X,Russ X,30,,,,,E,,,,,,0.0,14.0,1.0,1.0,1.0,0.0,0.0,0.0,0.0,0.0,0,0,0,0,0,0,0,0,0,0,0,0,0,0,0,0,0,0,0,0,0.0,0.28000000000000114,1,0,0,0,0,1,0
294,Bachelorette,1,Trista Rehn,01_GREG_T,Greg T,28,,,,E,,,,,,,0.0,14.0,5.0,1.0,0.0,0.0,0.0,0.0,0.0,0.0,0,0,0,0,0,0,0,0,0,0,0,0,0,0,0,0,0,0,0,0,2.0,-1.7199999999999989,2,0,0,0,0,0,0
295,Bachelorette,1,Trista Rehn,01_BOB_G,Bob Guiney,31,,,E,,,,,,,,0.0,14.0,5.0,0.0,0.0,0.0,0.0,0.0,0.0,0.0,0,0,0,0,0,0,0,0,0,0,0,0,0,0,0,0,0,0,0,0,-1.0,1.2800000000000011,0,0,0,0,0,0,0
296,Bachelorette,1,Trista Rehn,01_JAMIE_B,Jamie Blyth,27,,,E,,,,,,,,0.0,14.0,5.0,0.0,0.0,0.0,0.0,0.0,0.0,0.0,0,0,0,0,0,0,0,0,0,0,0,0,0,0,0,0,0,0,0,0,3.0,-2.719999999999999,2,0,0,1,0,0,0
297,Bachelorette,1,Trista Rehn,01_MIKE_X,Mike X,24,,,E,,,,,,,,0.0,14.0,5.0,0.0,0.0,0.0,0.0,0.0,0.0,0.0,0,0,0,0,0,0,0,0,0,0,0,0,0,0,0,0,0,0,0,0,6.0,-5.719999999999999,2,0,0,1,0,0,0
298,Bachelorette,1,Trista Rehn,01_ROB_X,Rob X,29,,,E,,,,,,,,0.0,14.0,5.0,0.0,0.0,0.0,0.0,0.0,0.0,0.0,0,0,0,0,0,0,0,0,0,0,0,0,0,0,0,0,0,0,0,0,1.0,-0.7199999999999989,2,0,0,0,0,0,0
299,Bachelorette,1,Trista Rehn,01_BRIAN_C,Brian C,28,,E,,,,,,,,,0.0,14.0,0.0,0.0,0.0,0.0,0.0,0.0,0.0,0.0,0,0,0,0,0,0,0,0,0,0,0,0,0,0,0,0,0,0,0,0,2.0,-1.7199999999999989,2,0,0,0,0,0,0
300,Bachelorette,1,Trista Rehn,01_BRIAN_S,Brian S,28,,E,,,,,,,,,0.0,14.0,0.0,0.0,0.0,0.0,0.0,0.0,0.0,0.0,0,0,0,0,0,0,0,0,0,0,0,0,0,0,0,0,0,0,0,0,2.0,-1.7199999999999989,2,0,0,0,0,0,0
301,Bachelorette,1,Trista Rehn,01_BROOK_X,Brook X,29,,E,,,,,,,,,0.0,14.0,0.0,0.0,0.0,0.0,0.0,0.0,0.0,0.0,0,0,0,0,0,0,0,0,0,0,0,0,0,0,0,0,0,0,0,0,1.0,-0.7199999999999989,2,0,0,0,0,0,0
302,Bachelorette,1,Trista Rehn,01_JACK_X,Jack X,27,,E,,,,,,,,,0.0,14.0,0.0,0.0,0.0,0.0,0.0,0.0,0.0,0.0,0,0,0,0,0,0,0,0,0,0,0,0,0,0,0,0,0,0,0,0,3.0,-2.719999999999999,2,0,0,1,0,0,0
303,Bachelorette,1,Trista Rehn,01_JEFF_X,Jeff X,25,,E,,,,,,,,,0.0,14.0,0.0,0.0,0.0,0.0,0.0,0.0,0.0,0.0,0,0,0,0,0,0,0,0,0,0,0,0,0,0,0,0,0,0,0,0,5.0,-4.719999999999999,2,0,0,0,0,0,0
304,Bachelorette,1,Trista Rehn,01_JOSH_X,Josh X,31,,E,,,,,,,,,0.0,14.0,0.0,0.0,0.0,0.0,0.0,0.0,0.0,0.0,0,0,0,0,0,0,0,0,0,0,0,0,0,0,0,0,0,0,0,0,-1.0,1.2800000000000011,0,0,0,0,0,0,0
305,Bachelorette,1,Trista Rehn,01_BRIAN_H,Brian H,30,,EQ,,,,,,,,,0.0,14.0,0.0,0.0,0.0,0.0,0.0,0.0,0.0,0.0,0,0,0,0,0,0,0,0,0,0,0,0,0,0,0,0,0,0,0,0,0.0,0.28000000000000114,1,0,0,1,0,0,0
306,Bachelorette,1,Trista Rehn,01_BILLY_X,Billy X,28,E,,,,,,,,,,0.0,0.0,0.0,0.0,0.0,0.0,0.0,0.0,0.0,0.0,0,0,0,0,0,0,0,0,0,0,0,0,0,0,0,0,0,0,0,0,2.0,-1.7199999999999989,2,0,0,0,0,0,0
307,Bachelorette,1,Trista Rehn,01_BRIAN_K,Brian K,31,E,,,,,,,,,,0.0,0.0,0.0,0.0,0.0,0.0,0.0,0.0,0.0,0.0,0,0,0,0,0,0,0,0,0,0,0,0,0,0,0,0,0,0,0,0,-1.0,1.2800000000000011,0,0,0,0,0,0,0
308,Bachelorette,1,Trista Rehn,01_CHRIS_X,Chris X,35,E,,,,,,,,,,0.0,0.0,0.0,0.0,0.0,0.0,0.0,0.0,0.0,0.0,0,0,0,0,0,0,0,0,0,0,0,0,0,0,0,0,0,0,0,0,-5.0,5.280000000000001,0,0,0,0,0,0,0
309,Bachelorette,1,Trista Rehn,01_DUANE_X,Duane X,28,E,,,,,,,,,,0.0,0.0,0.0,0.0,0.0,0.0,0.0,0.0,0.0,0.0,0,0,0,0,0,0,0,0,0,0,0,0,0,0,0,0,0,0,0,0,2.0,-1.7199999999999989,2,0,0,1,0,0,0
310,Bachelorette,1,Trista Rehn,01_ERIC_X,Eric X,33,E,,,,,,,,,,0.0,0.0,0.0,0.0,0.0,0.0,0.0,0.0,0.0,0.0,0,0,0,0,0,0,0,0,0,0,0,0,0,0,0,0,0,0,0,0,-3.0,3.280000000000001,0,0,0,1,0,0,0
311,Bachelorette,1,Trista Rehn,01_GREGG_H,Gregg H,34,E,,,,,,,,,,0.0,0.0,0.0,0.0,0.0,0.0,0.0,0.0,0.0,0.0,0,0,0,0,0,0,0,0,0,0,0,0,0,0,0,0,0,0,0,0,-4.0,4.280000000000001,0,0,0,0,0,0,0
312,Bachelorette,1,Trista Rehn,01_MATT_X,Matt X,42,E,,,,,,,,,,0.0,0.0,0.0,0.0,0.0,0.0,0.0,0.0,0.0,0.0,0,0,0,0,0,0,0,0,0,0,0,0,0,0,0,0,0,0,0,0,-12.0,12.280000000000001,0,0,0,0,0,0,0
313,Bachelorette,1,Trista Rehn,01_PAUL_X,Paul X,26,E,,,,,,,,,,0.0,0.0,0.0,0.0,0.0,0.0,0.0,0.0,0.0,0.0,0,0,0,0,0,0,0,0,0,0,0,0,0,0,0,0,0,0,0,0,4.0,-3.719999999999999,2,0,0,0,0,0,0
314,Bachelorette,1,Trista Rehn,01_PETER_X,Peter X,25,E,,,,,,,,,,0.0,0.0,0.0,0.0,0.0,0.0,0.0,0.0,0.0,0.0,0,0,0,0,0,0,0,0,0,0,0,0,0,0,0,0,0,0,0,0,5.0,-4.719999999999999,2,0,0,0,0,0,0
315,Bachelorette,1,Trista Rehn,01_WAYNE_X,Wayne X,37,E,,,,,,,,,,0.0,0.0,0.0,0.0,0.0,0.0,0.0,0.0,0.0,0.0,0,0,0,0,0,0,0,0,0,0,0,0,0,0,0,0,0,0,0,0,-7.0,7.280000000000001,0,0,0,0,0,0,0
