,SEASON,CONTESTANT,CONTESTANT_JOB,CONTESTANT_HEIGHT,HEIGHT_DIFF,HEIGHT_BIN,CONTESTANT_HOMETOWN_CITY,SAME_CITY,SAME_STATE,CONTESTANT_HOMETOWN_STATE,CONTESTANT_REGION,SAME_REGION,AGE_DIFF,AGE_DIFF_MEAN_POOL,AGE_DIFF_BACH_POOL,AGE_DIFF_CAT,CONTESTANT_ELIMWEEK,WINNER
0,1,Amanda Marsh,Event Planner,,,4,Chanute,0,1,KS,M,0,9.0,-3.3999999999999986,5.600000000000001,2,,1
1,1,Trista Rehn,Miami Heat Dancer,,,4,Miami,0,1,FL,S,1,3.0,2.6000000000000014,5.600000000000001,2,6.0,0
2,1,Shannon Oliver,Financial Management Consultant,,,4,Dallas,0,1,TX,S,1,8.0,-2.3999999999999986,5.600000000000001,2,5.0,0
3,1,Kim,Nanny,,,4,Tempe,0,1,AZ,W,0,8.0,-2.3999999999999986,5.600000000000001,2,4.0,0
4,1,Cathy Grimes,Graduate Student,,,4,Terra Haute,0,1,IN,M,0,10.0,-4.399999999999999,5.600000000000001,2,3.0,0
5,1,Christina,Attorney,,,4,Bonita,0,1,CA,W,0,4.0,1.6000000000000014,5.600000000000001,2,3.0,0
6,1,LaNease Adams,Actress,,,4,Los Angeles,0,1,CA,W,0,9.0,-3.3999999999999986,5.600000000000001,2,3.0,0
7,1,Rhonda,Commercial Real Estate Agent,,,4,Woodward,0,1,OK,S,1,4.0,1.6000000000000014,5.600000000000001,2,3.0,0
8,1,Alexa,Special Ed. Teacher,,,4,Beverly Hills,0,1,CA,W,0,5.0,0.6000000000000014,5.600000000000001,2,2.0,0
9,1,Amy,Production Coordinator,,,4,New York,0,1,NY,N,0,4.0,1.6000000000000014,5.600000000000001,2,2.0,0
10,1,Angela,Hooters Waitress,,,4,Avondale,0,1,AZ,W,0,7.0,-1.3999999999999986,5.600000000000001,2,2.0,0
11,1,Angelique,Actress,,,4,Burbank,0,1,CA,W,0,5.0,0.6000000000000014,5.600000000000001,2,2.0,0
12,1,Katie,Power Tool Sales Rep.,,,4,Malden,0,1,MA,N,0,9.0,-3.3999999999999986,5.600000000000001,2,2.0,0
13,1,Melissa,Photographer,,,4,Tempe,0,1,AZ,W,0,7.0,-1.3999999999999986,5.600000000000001,2,2.0,0
14,1,Tina,Graduate Student,,,4,Plano,0,1,TX,S,1,5.0,0.6000000000000014,5.600000000000001,2,2.0,0
15,1,Amber,Business Development Director,,,4,Los Angeles,0,1,CA,W,0,3.0,2.6000000000000014,5.600000000000001,2,1.0,0
16,1,Daniela,Neuropsychologist,,,4,Seattle,0,1,WA,W,0,2.0,3.6000000000000014,5.600000000000001,2,1.0,0
17,1,Denise,Doctor,,,4,Honolulu,0,1,HI,O,0,2.0,3.6000000000000014,5.600000000000001,2,1.0,0
18,1,Jackie,Bar Manager,,,4,Pittsburgh,0,1,PA,N,0,10.0,-4.399999999999999,5.600000000000001,2,1.0,0
19,1,Jill,Retail Manager,,,4,Chicago,0,1,IL,M,0,1.0,4.600000000000001,5.600000000000001,2,1.0,0
20,1,Kristina,Advertising Executive,,,4,Los Angeles,0,1,CA,W,0,5.0,0.6000000000000014,5.600000000000001,2,1.0,0
21,1,Lisa,Attorney,,,4,Dallas,0,1,TX,S,1,3.0,2.6000000000000014,5.600000000000001,2,1.0,0
22,1,Paula,Insurance Representative,,,4,Swansea,0,1,MA,N,0,8.0,-2.3999999999999986,5.600000000000001,2,1.0,0
23,1,Rachel,6th Grade Teacher,,,4,Eastchester,0,1,NY,N,0,3.0,2.6000000000000014,5.600000000000001,2,1.0,0
24,1,Wendi,Technology Specialist,,,4,Dallas,0,1,TX,S,1,6.0,-0.3999999999999986,5.600000000000001,2,1.0,0
25,2,Helene Eksterowicz,School Psychologist,,,4,Gloucester,0,1,NJ,N,0,1.0,0.3999999999999986,1.3999999999999986,2,,1
26,2,Brooke Smith,College Student,,,4,Albertville,0,1,AL,S,0,6.0,-4.600000000000001,1.3999999999999986,2,7.0,0
27,2,Gwen Gioia,Executive Recruiter,,,4,Philadelphia,0,1,PA,N,0,-3.0,4.399999999999999,1.3999999999999986,0,6.0,0
28,2,Angela,Registered Nurse,,,4,Kansas City,0,1,MO,M,1,1.0,0.3999999999999986,1.3999999999999986,2,5.0,0
29,2,Hayley,Retail Manager,,,4,Lake Oswego,0,1,OR,W,0,0.0,1.3999999999999986,1.3999999999999986,1,4.0,0
30,2,Heather Crawford,Flight Attendant,,,4,Dallas,0,1,TX,S,0,-2.0,3.3999999999999986,1.3999999999999986,0,4.0,0
31,2,Christi,Assistant Financial Advisor,,,4,Boise,0,1,ID,W,0,5.0,-3.6000000000000014,1.3999999999999986,2,3.0,0
32,2,Heather,Marriage Therapy Trainee,,,4,Walnut Creek,0,1,CA,W,0,4.0,-2.6000000000000014,1.3999999999999986,2,3.0,0
33,2,Kyla,Airline Supervisor,,,4,Midvale,0,1,UT,W,0,6.0,-4.600000000000001,1.3999999999999986,2,3.0,0
34,2,Shannon,Graphic Artist,,,4,Long Island,0,1,NY,N,0,2.0,-0.6000000000000014,1.3999999999999986,2,3.0,0
35,2,Dana,Radio Sales,,,4,Beverly Hills,0,1,CA,W,0,4.0,-2.6000000000000014,1.3999999999999986,2,2.0,0
36,2,Erin,Publications Quality Control,,,4,Westchester,0,1,PA,N,0,3.0,-1.6000000000000014,1.3999999999999986,2,2.0,0
37,2,Suzanne,Flight Attendant,,,4,Redondo Beach,0,1,CA,W,0,-5.0,6.399999999999999,1.3999999999999986,0,2.0,0
38,2,Frances,Strategic Planning Analyst,,,4,San Francisco,0,1,CA,W,0,-2.0,3.3999999999999986,1.3999999999999986,0,2.0,0
39,2,Anindita,Attorney,,,4,New York,0,1,NY,N,0,1.0,0.3999999999999986,1.3999999999999986,2,2.0,0
40,2,Amber,Psychologist,,,4,Chapel Hill,0,1,NC,S,0,2.0,-0.6000000000000014,1.3999999999999986,2,1.0,0
41,2,Camille,Actress,,,4,Los Angeles,0,1,CA,W,0,-1.0,2.3999999999999986,1.3999999999999986,0,1.0,0
42,2,Cari,3rd Grade Teacher,,,4,Granite City,0,1,IL,M,1,-1.0,2.3999999999999986,1.3999999999999986,0,1.0,0
43,2,Christy,Radiological Technologist,,,4,Avondale,0,1,AZ,W,0,4.0,-2.6000000000000014,1.3999999999999986,2,1.0,0
44,2,Erin,Interior Designer,,,4,Houston,0,1,TX,S,0,4.0,-2.6000000000000014,1.3999999999999986,2,1.0,0
45,2,Fatima,College Student,,,4,Long Beach,0,1,CA,W,0,6.0,-4.600000000000001,1.3999999999999986,2,1.0,0
46,2,Liangy,Paralegal,,,4,Coral Gables,0,1,FL,S,0,-2.0,3.3999999999999986,1.3999999999999986,0,1.0,0
47,2,Lori,Former NBA Cheerleader,,,4,Dallas,0,1,TX,S,0,2.0,-0.6000000000000014,1.3999999999999986,2,1.0,0
48,2,Merrilee,1st Grade Teacher,,,4,Forked River,0,1,NJ,N,0,0.0,1.3999999999999986,1.3999999999999986,1,1.0,0
49,2,Suzi,Communications Specialist,,,4,Richmond,0,1,VA,S,0,0.0,1.3999999999999986,1.3999999999999986,1,1.0,0
50,5,Jessica Bowlin,Student,,,4,Huntington Beach,0,1,CA,W,0,12.0,-3.039999999999999,8.96,2,,1
51,5,Tara Huckeby,General contractor,,,4,Shawnee,0,1,OK,S,0,11.0,-2.039999999999999,8.96,2,7.0,0
52,5,Mandy Jaye Jeffreys,Designer for an architect firm,,,4,Midland,0,1,TX,S,0,8.0,0.9600000000000009,8.96,2,6.0,0
53,5,Trish Schneider,Model,,,4,Atlanta,0,1,GA,S,0,6.0,2.960000000000001,8.96,2,5.0,0
54,5,Suzie Williams,Prosthetic technician,,,4,Ann Arbor,0,1,MI,W,0,11.0,-2.039999999999999,8.96,2,4.0,0
55,5,Karen Lindsay,Pharmaceutical sales,,,4,Pleasant Grove,0,1,UT,W,0,6.0,2.960000000000001,8.96,2,4.0,0
56,5,Jessica Holcomb,Attorney,,,4,Pearsall,0,1,TX,S,0,9.0,-0.03999999999999915,8.96,2,3.0,0
57,5,Julie Durda,Professional Cheerleader,,,4,Sacramento,0,1,CA,W,0,10.0,-1.0399999999999991,8.96,2,3.0,0
58,5,Jenny De Schiralli,Swim instructor/nanny/personal trainer,,,4,Carrboro,0,1,NC,S,0,8.0,0.9600000000000009,8.96,2,3.0,0
59,5,Katie Gehart,LASIK Eye and Skin Center manager,,,4,Scottsdale,0,1,AZ,W,0,12.0,-3.039999999999999,8.96,2,3.0,0
60,5,Jean-Marie Callahan,Hair stylist,,,4,Gibson,0,1,NC,S,0,8.0,0.9600000000000009,8.96,2,2.0,0
61,5,Debbie Merkett,Massage therapist/bartender,,,4,Pinetops,0,1,NC,S,0,7.0,1.9600000000000009,8.96,2,2.0,0
62,5,Anne-Catherine Labbé,Model/make-up artist,,,4,"Quebec City, Quebec",0,1,,,0,7.0,1.9600000000000009,8.96,2,2.0,0
63,5,Amber LaRoux,Consultant,,,4,Sunriver,0,1,OR,W,0,7.0,1.9600000000000009,8.96,2,2.0,0
64,5,Mandy Clemens,Professional soccer player,,,4,San Diego,0,1,CA,W,0,9.0,-0.03999999999999915,8.96,2,2.0,0
65,5,Kristy Romero,Student,,,4,Dearborn,0,1,MI,W,0,9.0,-0.03999999999999915,8.96,2,2.0,0
66,5,Celeste Creel,Model/executive assistant,,,4,Ithaca,0,1,NY,N,0,10.0,-1.0399999999999991,8.96,2,2.0,0
67,5,Jenny Matthews,Retail manager,,,4,Canton,0,1,MI,W,0,10.0,-1.0399999999999991,8.96,2,2.0,0
68,5,Dolores Farburg,Account manager,,,4,Madison,0,1,NJ,N,0,8.0,0.9600000000000009,8.96,2,1.0,0
69,5,Francine Jones,Retail manager,,,4,Houston,0,1,TX,S,0,9.0,-0.03999999999999915,8.96,2,1.0,0
70,5,DeShaun Warner,Account manager/sales,,,4,Phillipsburg,0,1,NJ,N,0,9.0,-0.03999999999999915,8.96,2,1.0,0
71,5,Jessica Kyron,Student,,,4,Cincinnati,0,1,OH,M,0,13.0,-4.039999999999999,8.96,2,1.0,0
72,5,Holly Reeder,Bank representative,,,4,Tulsa,0,1,OK,S,0,8.0,0.9600000000000009,8.96,2,1.0,0
73,5,Rachel Clementi,Fashion public relations manager,,,4,Buffalo,0,1,NY,N,0,8.0,0.9600000000000009,8.96,2,1.0,0
74,5,Kristin Clearwater,Singer,,,4,Sausalito,0,1,CA,W,0,9.0,-0.03999999999999915,8.96,2,1.0,0
75,9,Jennifer Wilson,Teacher,,,4,Pembroke Pines,0,1,FL,S,0,10.0,-2.3076923076923066,7.692307692307693,2,,1
76,9,Sadie Murray,Publicist,,,4,Carlsbad,0,1,CA,W,0,11.0,-3.3076923076923066,7.692307692307693,2,7.0,0
77,9,Lisa Blank,Marketing manager,,,4,Portland,0,1,OR,W,0,9.0,-1.3076923076923066,7.692307692307693,2,6.0,0
78,9,Agnese Polliza,Student,,,4,Venice,0,1,Italy,Italy,1,10.0,-2.3076923076923066,7.692307692307693,2,5.0,0
79,9,Jeanette Pawula,Teacher,,,4,Bloomingdale,0,1,IL,M,0,11.0,-3.3076923076923066,7.692307692307693,2,4.0,0
80,9,Desiree Valentin,Realtor,,,4,Salt Lake City,0,1,UT,W,0,12.0,-4.307692307692307,7.692307692307693,2,4.0,0
81,9,Jami Matzke,Event planner,,,4,Galveston,0,1,TX,S,0,7.0,0.6923076923076934,7.692307692307693,2,3.0,0
82,9,Gina Clark,Ultrasound technician,,,4,Chicago,0,1,IL,M,0,6.0,1.6923076923076934,7.692307692307693,2,3.0,0
83,9,Erica Rose,Socialite,,,4,Houston,0,1,TX,S,0,11.0,-3.3076923076923066,7.692307692307693,2,3.0,0
84,9,Sarah Schnare,Journalist,,,4,Nelson,0,1,British Columbia,British Columbia,0,4.0,3.6923076923076934,7.692307692307693,2,2.0,0
85,9,Kim Jackson,Interior designer,,,4,Newport Beach,0,1,CA,W,0,7.0,0.6923076923076934,7.692307692307693,2,2.0,0
86,9,Ellen DeMaio,Realtor,,,4,New Haven,0,1,CT,N,0,4.0,3.6923076923076934,7.692307692307693,2,2.0,0
87,9,Tara Durr,Realtor,,,4,St. Augustine,0,1,FL,S,0,10.0,-2.3076923076923066,7.692307692307693,2,1.0,0
88,9,Rosella Fratto,Make-up artist,,,4,Chicago,0,1,IL,M,0,7.0,0.6923076923076934,7.692307692307693,2,1.0,0
89,9,Rita Ghazal,Policy advisor,,,4,Richmond,0,1,VA,S,0,5.0,2.6923076923076934,7.692307692307693,2,1.0,0
90,9,Renee Snell,Broadcast marketer,,,4,Baltimore,0,1,MD,N,0,4.0,3.6923076923076934,7.692307692307693,2,1.0,0
91,9,Meri Barr,Attorney,,,4,Biloxi,0,1,MS,S,0,7.0,0.6923076923076934,7.692307692307693,2,1.0,0
92,9,Laura Morgan,Dolphin trainer,,,4,San Diego,0,1,CA,W,0,5.0,2.6923076923076934,7.692307692307693,2,1.0,0
93,9,Jessica Horner,Assistant buyer,,,4,Charlotte,0,1,NC,S,0,9.0,-1.3076923076923066,7.692307692307693,2,1.0,0
94,9,Heather Sneed,Registered nurse,,,4,Aliquippa,0,1,PA,N,0,0.0,7.692307692307693,7.692307692307693,1,1.0,0
95,9,Elyse Hammer,Physician,,,4,New York,0,1,NY,N,0,7.0,0.6923076923076934,7.692307692307693,2,1.0,0
96,9,Cosetta Blanca,Dancer,,,4,Italy,0,1,,,0,,,7.692307692307693,4,1.0,0
97,9,Claudia Gismondi,Restaurateur,,,4,Boca Raton,0,1,FL,S,0,12.0,-4.307692307692307,7.692307692307693,2,1.0,0
98,9,Carissa Ilburg,Attorney,,,4,Cattaraugus,0,1,NY,N,0,9.0,-1.3076923076923066,7.692307692307693,2,1.0,0
99,9,Britt (Bowe) Newton,Beer chemist,,,4,Columbus,0,1,OH,M,0,6.0,1.6923076923076934,7.692307692307693,2,1.0,0
100,9,Andrea Shirley,Hotel concierge,,,4,Cincinnati,0,1,OH,M,0,6.0,1.6923076923076934,7.692307692307693,2,1.0,0
101,9,April Jacobs,Model,,,4,Chicago,0,1,IL,M,0,11.0,-3.3076923076923066,7.692307692307693,2,1.0,0
102,10,Tessa Horst,Social Worker,,,4,San Francisco,0,1,CA,W,0,4.0,0.23999999999999844,4.239999999999998,2,,1
103,10,Bevin Nicole Powers,Assistant,,,4,Palo Alto,0,1,CA,W,0,2.0,2.2399999999999984,4.239999999999998,2,8.0,0
104,10,Danielle Imwalle,Graphic Designer,,,4,Bethel,0,1,CT,N,1,5.0,-0.7600000000000016,4.239999999999998,2,7.0,0
105,10,Amber Alchalabi,Teacher,,,4,Sugar Land,0,1,TX,S,0,7.0,-2.7600000000000016,4.239999999999998,2,6.0,0
106,10,Stephanie Wilhite,Project Manager,,,4,Overland Park,0,1,KS,M,0,7.0,-2.7600000000000016,4.239999999999998,2,5.0,0
107,10,Tina Wu,Medical student,,,4,Los Angeles,0,1,CA,W,0,4.0,0.23999999999999844,4.239999999999998,2,5.0,0
108,10,Kate Brockhouse,Boutique owner,,,4,Ravenel,0,1,SC,S,0,6.0,-1.7600000000000016,4.239999999999998,2,4.0,0
109,10,Nicole Clary,Sales Manager,,,4,Charleston,0,1,SC,S,0,4.0,0.23999999999999844,4.239999999999998,2,4.0,0
110,10,Stephanie Tipper,Organ donor coordinator,,,4,Folly Beach,0,1,SC,S,0,3.0,1.2399999999999984,4.239999999999998,2,4.0,0
111,10,Amanda Hackney,Financial analyst,,,4,Dallas,0,1,TX,S,0,4.0,0.23999999999999844,4.239999999999998,2,3.0,0
112,10,Erin Parker,Financial analyst,,,4,Logansport,0,1,LA,S,0,6.0,-1.7600000000000016,4.239999999999998,2,3.0,0
113,10,Peyton Wright,Sorority recruiter,,,4,La Vergne,0,1,TN,S,0,6.0,-1.7600000000000016,4.239999999999998,2,3.0,0
114,10,Alexis Young,Attorney,,,4,Southlake,0,1,TX,S,0,4.0,0.23999999999999844,4.239999999999998,2,2.0,0
115,10,Susan Anderson,Boutique manager,,,4,The Woodlands,0,1,TX,S,0,7.0,-2.7600000000000016,4.239999999999998,2,2.0,0
116,10,Tiffany Warren,Medical equipment sales rep,,,4,Boston,0,1,MA,N,1,2.0,2.2399999999999984,4.239999999999998,2,2.0,0
117,10,Blakeney Rowe,Radio sales,,,4,Birmingham,0,1,AL,S,0,1.0,3.2399999999999984,4.239999999999998,2,1.0,0
118,10,Candace DeCost,Waitress,,,4,Hilton Head Island,0,1,SC,S,0,7.0,-2.7600000000000016,4.239999999999998,2,1.0,0
119,10,Catherine Warren,Former Miss Illinois,,,4,Lake Forest,0,1,IL,M,0,7.0,-2.7600000000000016,4.239999999999998,2,1.0,0
120,10,Danielle Vallis,Attorney,,,4,Bronx,0,1,NY,N,1,4.0,0.23999999999999844,4.239999999999998,2,1.0,0
121,10,Jackie Topelli,Executive coordinator,,,4,Minneapolis,0,1,MN,M,0,7.0,-2.7600000000000016,4.239999999999998,2,1.0,0
122,10,Jeanette Alvarez,Health care manager,,,4,Tampa,0,1,FL,S,0,3.0,1.2399999999999984,4.239999999999998,2,1.0,0
123,10,Jessica Devallo,Hedge fund analyst,,,4,New York,0,1,NY,N,1,-2.0,6.239999999999998,4.239999999999998,0,1.0,0
124,10,Linda Malek,Attorney,,,4,Cuyahoga Falls,0,1,OH,M,0,-3.0,7.239999999999998,4.239999999999998,0,1.0,0
125,10,Lindsay Smith,Student,,,4,Lawrence,0,1,KS,M,0,8.0,-3.7600000000000016,4.239999999999998,2,1.0,0
126,10,Tiffany Forester,Real estate sales/development,,,4,St. Louis Park,0,1,MN,M,0,3.0,1.2399999999999984,4.239999999999998,2,1.0,0
127,11,Deanna Pappas,Realtor,,,4,Newnan,0,1,GA,S,1,10.0,-2.0,8.0,2,8.0,0
128,11,Jenni Croft,Phoenix Suns Cheerleader,,,4,Wichita,0,1,KS,M,0,8.0,0.0,8.0,2,8.0,0
129,11,Bettina Bell,Realtor,,,4,Washington,0,1,D.C.,D.C.,0,8.0,0.0,8.0,2,7.0,0
130,11,Sheena Stewart,Internet marketing executive,,,4,Walnut Creek,0,1,CA,W,0,12.0,-4.0,8.0,2,6.0,0
131,11,Hillary Reisinger,Registered nurse,,,4,Philadelphia,0,1,PA,N,0,8.0,0.0,8.0,2,5.0,0
132,11,Kristy Katzmann,Acupuncturist,,,4,Gurnee,0,1,IL,M,0,6.0,2.0,8.0,2,5.0,0
133,11,"Estefania ""Stephy"" Kootz",Executive assistant,,,4,Atlanta,0,1,GA,S,1,9.0,-1.0,8.0,2,4.0,0
134,11,Jade Beazley,Boutique sales worker,,,4,Nashville,0,1,TN,S,1,11.0,-3.0,8.0,2,4.0,0
135,11,McCarten Delaney,Account manager,,,4,Lemon Grove,0,1,CA,W,0,9.0,-1.0,8.0,2,4.0,0
136,11,Lindsey Hawkins,Model,,,4,Livonia,0,1,MI,W,0,10.0,-2.0,8.0,2,3.0,0
137,11,Sarah Newlon,Bar manager,,,4,O'Fallon,0,1,IL,M,0,12.0,-4.0,8.0,2,3.0,0
138,11,Solisa Shoop,Esthetician,,,4,Georgetown,0,1,TX,S,1,10.0,-2.0,8.0,2,3.0,0
139,11,Michele Leavy,Realtor,,,4,South Brunswick,0,1,NJ,N,0,5.0,3.0,8.0,2,2.0,0
140,11,Mallory Simons,Nanny,,,4,Honolulu,0,1,HI,O,0,11.0,-3.0,8.0,2,2.0,0
141,11,Erin Gardner,Publishing sales executive,,,4,Tampa,0,1,FL,S,1,10.0,-2.0,8.0,2,2.0,0
142,11,Jessica Kiss,News anchor,,,4,Lady Lake,0,1,FL,S,1,8.0,0.0,8.0,2,1.0,0
143,11,Juli Gilliam,Law student,,,4,Chicago,0,1,IL,M,0,11.0,-3.0,8.0,2,1.0,0
144,11,Kim Orville,Realtor,,,4,Woodbridge,0,1,CT,N,0,4.0,4.0,8.0,2,1.0,0
145,11,Lori Langley,Biology teacher,,,4,Annapolis,0,1,MD,N,0,2.0,6.0,8.0,2,1.0,0
146,11,Melissa Buschel,Event planner,,,4,Westchester,0,1,NY,N,0,7.0,1.0,8.0,2,1.0,0
147,11,Morgan Becker,Graduate student,,,4,Tempe,0,1,AZ,W,0,11.0,-3.0,8.0,2,1.0,0
148,11,Natalie Velasco,Law student,,,4,Duncanville,0,1,TX,S,1,10.0,-2.0,8.0,2,1.0,0
149,11,Regina Doringa,Account representative,,,4,San Diego,0,1,CA,W,0,4.0,4.0,8.0,2,1.0,0
150,11,Tauni Nessler ,Emergency room nurse,,,4,St. Louis Park,0,1,MN,M,0,4.0,4.0,8.0,2,1.0,0
151,11,Susan Stein,Project analyst,,,4,St. Charles,0,1,IL,M,0,0.0,8.0,8.0,1,1.0,0
152,12,Shayne Lamas,Actress,,,4,Malibu,0,1,CA,W,0,5.0,-4.32,0.6799999999999997,2,,1
153,12,Chelsea Wanstrath,Pharmaceutical sales rep.,,,4,Durango,0,1,CO,W,0,2.0,-1.3200000000000003,0.6799999999999997,2,8.0,0
154,12,Amanda Rantuccio,Account Executive,,,4,Niceville,0,1,FL,S,0,0.0,0.6799999999999997,0.6799999999999997,1,7.0,0
155,12,Noelle Drake,Photographer,,,4,Loveland,0,1,CO,W,0,1.0,-0.3200000000000003,0.6799999999999997,2,6.0,0
156,12,Marshana Ritchie,Fashion designer,,,4,Brooklyn,0,1,NY,N,0,0.0,0.6799999999999997,0.6799999999999997,1,5.0,0
157,12,Robin Canfield,Advertising coordinator,,,4,Holland,0,1,MI,W,0,5.0,-4.32,0.6799999999999997,2,5.0,0
158,12,Ashlee Williss,Singer-songwriter,,,4,Jacksonville Beach,0,1,FL,S,0,5.0,-4.32,0.6799999999999997,2,4.0,0
159,12,Kelly Duncan,Medical sales rep.,,,4,Hollywood,0,1,CA,W,0,2.0,-1.3200000000000003,0.6799999999999997,2,4.0,0
160,12,Holly Durst,Children's book author,,,4,Suffield,0,1,OH,M,0,3.0,-2.3200000000000003,0.6799999999999997,2,4.0,0
161,12,Amy,Nanny,,,4,Stockton,0,1,CA,W,0,5.0,-4.32,0.6799999999999997,2,3.0,0
162,12,Erin Storm,Hot-dog vendor,,,4,Venice,0,1,CA,W,0,-6.0,6.68,0.6799999999999997,0,3.0,0
163,12,Kristine Heffelfinger,Personal trainer,,,4,Dillsburg,0,1,PA,N,0,-6.0,6.68,0.6799999999999997,0,3.0,0
164,12,Carri Perrier,Church marketing rep.,,,4,Oklahoma City,0,1,OK,S,0,2.0,-1.3200000000000003,0.6799999999999997,2,2.0,0
165,12,Erin Harper,Event planner,,,4,Seattle,0,1,WA,W,0,2.0,-1.3200000000000003,0.6799999999999997,2,2.0,0
166,12,Michelle P.,Administrative assistant,,,4,Syracuse,0,1,NY,N,0,-1.0,1.6799999999999997,0.6799999999999997,0,2.0,0
167,12,Alyssa,Biology student,,,4,Boise,0,1,ID,W,0,3.0,-2.3200000000000003,0.6799999999999997,2,1.0,0
168,12,Amanda Petterman,Law student,,,4,LaFollette,0,1,TN,S,0,1.0,-0.3200000000000003,0.6799999999999997,2,1.0,0
169,12,Denise,Attorney and former White House aide,,,4,Washington,0,1,D.C,D.C,0,-3.0,3.6799999999999997,0.6799999999999997,0,1.0,0
170,12,Devon,Makeup artist,,,4,Austin,0,1,TX,S,0,3.0,-2.3200000000000003,0.6799999999999997,2,1.0,0
171,12,Lesley Geyer,Youth minister,,,4,Tampa,0,1,FL,S,0,4.0,-3.3200000000000003,0.6799999999999997,2,1.0,0
172,12,Michele R.,Interior designer,,,4,Laguna Niguel,0,1,CA,W,0,-6.0,6.68,0.6799999999999997,0,1.0,0
173,12,Rebecca,Attorney,,,4,Alamo,0,1,CA,W,0,-3.0,3.6799999999999997,0.6799999999999997,0,1.0,0
174,12,Stacey Elza,Graduate student,,,4,Chicago,0,1,IL,M,0,1.0,-0.3200000000000003,0.6799999999999997,2,1.0,0
175,12,Tamara,Cocktail waitress,,,4,Beverly Hills,0,1,CA,W,0,4.0,-3.3200000000000003,0.6799999999999997,2,1.0,0
176,12,Tiffany,Real estate marketing rep.,,,4,San Francisco,0,1,CA,W,0,-6.0,6.68,0.6799999999999997,0,1.0,0
177,13,Melissa Rycroft,Sales Representative,,,4,Dallas,0,1,TX,S,0,8.0,-1.9200000000000017,6.079999999999998,2,,1
178,13,Molly Malaney,Department Store Buyer,,,4,Brookfield,0,1,WI,M,1,9.0,-2.9200000000000017,6.079999999999998,2,8.0,0
179,13,Jillian Harris,Interior Designer,,,4,"Peace River, Alberta",0,1,,,0,4.0,2.0799999999999983,6.079999999999998,2,7.0,0
180,13,Naomi Rose Crespo,Flight Attendant,,,4,"Carlsbad, California",0,1,,,0,9.0,-2.9200000000000017,6.079999999999998,2,6.0,0
181,13,Stephanie Hogan,Single Mother & Medical Marketing Rep.,,,4,"Huntsville, Alabama",0,1,,,0,-1.0,7.079999999999998,6.079999999999998,0,5.0,0
182,13,Lauren Wanger,Teacher,,,4,"Marlboro, New Jersey",0,1,,,0,6.0,0.0799999999999983,6.079999999999998,2,4.0,0
183,13,Megan Parris,Single Mother and Lacrosse Coach,,,4,"Sewickley, Pennsylvania",0,1,,,0,8.0,-1.9200000000000017,6.079999999999998,2,4.0,0
184,13,Shannon Bair,Dental Hygienist,,,4,"Marshall, Missouri",0,1,,,0,4.0,2.0799999999999983,6.079999999999998,2,4.0,0
185,13,"Nicole ""Nikki"" Kaapke",Administrative Assistant,,,4,"Blue Island, Illinois",0,1,,,0,4.0,2.0799999999999983,6.079999999999998,2,4.0,0
186,13,Erica DeSimone,Account Executive,,,4,"Monroe, Connecticut",0,1,,,0,8.0,-1.9200000000000017,6.079999999999998,2,3.0,0
187,13,Kari Fajen,Account Executive,,,4,"Lee's Summit, Missouri",0,1,,,0,6.0,0.0799999999999983,6.079999999999998,2,3.0,0
188,13,Natalie Getz,Human Resources Recruiter,,,4,"Morton, Illinois",0,1,,,0,6.0,0.0799999999999983,6.079999999999998,2,3.0,0
189,13,Raquel Medeiros,Medical Student,,,4,"Recife, Pernambuco, Brazil",0,1,,,0,6.0,0.0799999999999983,6.079999999999998,2,2.0,0
190,13,Sharon Staebell,Teacher,,,4,"Batavia, New York",0,1,,,0,1.0,5.079999999999998,6.079999999999998,2,2.0,0
191,13,Lisa Gonzalez,Public Relations Associate,,,4,"Boise, Idaho",0,1,,,0,5.0,1.0799999999999983,6.079999999999998,2,2.0,0
192,13,Ann Lueders,Flight Attendant,,,4,"Phoenix, Arizona",0,1,,,0,9.0,-2.9200000000000017,6.079999999999998,2,1.0,0
193,13,Dominique Carta,Medical Sales Rep.,,,4,"Mt. Carmel, Pennsylvania",0,1,,,0,7.0,-0.9200000000000017,6.079999999999998,2,1.0,0
194,13,Emily,Casino Marketing Rep.,,,4,"Seattle, Washington",0,1,,,0,10.0,-3.9200000000000017,6.079999999999998,2,1.0,0
195,13,Jackie Hickey,Wedding Coordinator,,,4,"Springfield, Massachusetts",0,1,,,0,7.0,-0.9200000000000017,6.079999999999998,2,1.0,0
196,13,Julie Dermotta,Teacher,,,4,"Columbus, Ohio",0,1,,,0,7.0,-0.9200000000000017,6.079999999999998,2,1.0,0
197,13,Nicole Mah,Menswear Buyer,,,4,"Calgary, Alberta",0,1,,,0,8.0,-1.9200000000000017,6.079999999999998,2,1.0,0
198,13,Renee Simlak,Jewelry Designer,,,4,"Southfield, Michigan",0,1,,,0,-3.0,9.079999999999998,6.079999999999998,0,1.0,0
199,13,Shelby,Account Executive,,,4,"Stockton, California",0,1,,,0,10.0,-3.9200000000000017,6.079999999999998,2,1.0,0
200,13,Stacia Mann,Single Mother & Charity Accountant,,,4,"Orem, Utah",0,1,,,0,9.0,-2.9200000000000017,6.079999999999998,2,1.0,0
201,13,Treasure Morgan,Single Mother and Nurse Practitioner,,,4,"Salt Lake City, Utah",0,1,,,0,5.0,1.0799999999999983,6.079999999999998,2,1.0,0
202,14,Vienna Girardi,Marketing Representative,,,4,"Geneva, Florida",0,1,,,0,9.0,-3.1999999999999993,5.800000000000001,2,,1
203,14,Tenley Molzahn,College Admissions,,,4,"Newberg, Oregon",0,1,,,0,7.0,-1.1999999999999993,5.800000000000001,2,8.0,0
204,14,Gia Allemand,Swimsuit Model,,,4,"New York, New York",0,1,,,0,6.0,-0.1999999999999993,5.800000000000001,2,7.0,0
205,14,Ali Fedotowsky,Advertising Account Manager,,,4,"Williamstown, Massachusetts",0,1,,,0,7.0,-1.1999999999999993,5.800000000000001,2,6.0,0
206,14,Corrie Adamson,Wardrobe Consultant,,,4,"Kissimmee, Florida",0,1,,,0,9.0,-3.1999999999999993,5.800000000000001,2,5.0,0
207,14,Ashleigh Hunt,Account Manager,,,4,"North Potomac, Maryland",0,1,,,0,7.0,-1.1999999999999993,5.800000000000001,2,4.0,0
208,14,Jessie Sulidis,Cosmetic Sales Manager,,,4,"Oakville, Ontario",0,1,,,0,7.0,-1.1999999999999993,5.800000000000001,2,4.0,0
209,14,Kathryn Sherlock,Corporate Flight Attendant,,,4,"Lexington, Kentucky",0,1,,,0,7.0,-1.1999999999999993,5.800000000000001,2,4.0,0
210,14,Ella Nolan,Hair Stylist,,,4,"La Follette, Tennessee",0,1,,,0,2.0,3.8000000000000007,5.800000000000001,2,4.0,0
211,14,Elizabeth Kitt (NE),Nanny,,,4,"Imperial, Nebraska",0,1,,,0,3.0,2.8000000000000007,5.800000000000001,2,3.0,0
212,14,Valishia Savage,Homemaker,,,4,"San Bernardino, California",0,1,,,0,0.0,5.800000000000001,5.800000000000001,1,3.0,0
213,14,Michelle Kujawa,Office Manager,,,4,"Anaheim, California",0,1,,,0,6.0,-0.1999999999999993,5.800000000000001,2,3.0,0
214,14,Ashley Elmore,Teacher,,,4,"Pittsburgh, Pennsylvania",0,1,,,0,3.0,2.8000000000000007,5.800000000000001,2,2.0,0
215,14,Christina McCasland,Restaurant Manager,,,4,"San Diego, California",0,1,,,0,7.0,-1.1999999999999993,5.800000000000001,2,2.0,0
216,14,Rozlyn Papa,Model/Make-Up Artist,,,4,"Richmond, Virginia",0,1,,,0,4.0,1.8000000000000007,5.800000000000001,2,2.0,0
217,14,Alexa (Lex) McAllister,Entrepreneur,,,4,"Galloway, Ohio",0,1,,,0,7.0,-1.1999999999999993,5.800000000000001,2,1.0,0
218,14,Caitlyn McCabe,Spokesmodel,,,4,"Winfield, Illinois",0,1,,,0,8.0,-2.1999999999999993,5.800000000000001,2,1.0,0
219,14,Channy Choch,Mortgage Loan Officer,,,4,"Santa Rosa, California",0,1,,,0,3.0,2.8000000000000007,5.800000000000001,2,1.0,0
220,14,Elizabeth Kreft (D.C.),"Captain, Air National Guard",,,4,"Union, Kentucky",0,1,,,0,3.0,2.8000000000000007,5.800000000000001,2,1.0,0
221,14,Emily Harkins,Fitness Model,,,4,"West Chester, Ohio",0,1,,,0,9.0,-3.1999999999999993,5.800000000000001,2,1.0,0
222,14,Kimberly Sullivan,NBA Dancer,,,4,"Norman, Oklahoma",0,1,,,0,8.0,-2.1999999999999993,5.800000000000001,2,1.0,0
223,14,Kirsten Pittman,Waitress,,,4,"Aurora, Colorado",0,1,,,0,7.0,-1.1999999999999993,5.800000000000001,2,1.0,0
224,14,Sheila Marie Lidner,Commercial Pilot,,,4,"Scottsdale, Arizona",0,1,,,0,7.0,-1.1999999999999993,5.800000000000001,2,1.0,0
225,14,Stephanie Mueller,Dance Teacher,,,4,"Morris, Illinois",0,1,,,0,8.0,-2.1999999999999993,5.800000000000001,2,1.0,0
226,14,Tiana Kruzel,Medical Technician,,,4,"Calgary, Alberta",0,1,,,0,1.0,4.800000000000001,5.800000000000001,2,1.0,0
227,15,Emily Maynard,Children's Hospital Event Planner,,,4,Morgantown,0,1,WV,S,1,10.0,-1.8666666666666671,8.133333333333333,2,,1
228,15,Chantal O'Brien,Executive Assistant,,,4,Mercer Island,0,1,WA,W,0,7.0,1.1333333333333329,8.133333333333333,2,10.0,0
229,15,Ashley Hebert,Dental Student,,,4,Madawaska,0,1,ME,N,0,9.0,-0.8666666666666671,8.133333333333333,2,9.0,0
230,15,Shawntel Newton,Funeral Director,,,4,Chico,0,1,CA,W,0,10.0,-1.8666666666666671,8.133333333333333,2,8.0,0
231,15,Michelle Money,Hair stylist,,,4,"Salt Lake City, Utah",0,1,,,0,5.0,3.133333333333333,8.133333333333333,2,7.0,0
232,15,Britt Billmaier,Food writer,,,4,Woodinville,0,1,WA,W,0,10.0,-1.8666666666666671,8.133333333333333,2,7.0,0
233,15,Jackie Gordon,Artist,,,4,Newport,0,1,RI,N,0,9.0,-0.8666666666666671,8.133333333333333,2,6.0,0
234,15,Alli Travis,Apparel merchant,,,4,Columbus,0,1,OH,M,0,11.0,-2.866666666666667,8.133333333333333,2,6.0,0
235,15,Lisa Morrisey,Marketing Coordinator,,,4,"Ottawa, Kansas",0,1,,,0,11.0,-2.866666666666667,8.133333333333333,2,5.0,0
236,15,Marissa May,Sports Publicist,,,4,"Mesa, Arizona",0,1,,,0,9.0,-0.8666666666666671,8.133333333333333,2,5.0,0
237,15,Ashley Spivey,Nanny,,,4,"Ellerbe, North Carolina",0,1,,,0,9.0,-0.8666666666666671,8.133333333333333,2,5.0,0
238,15,Lindsay Hill,First grade teacher,,,4,"Plano, Texas",0,1,,,0,10.0,-1.8666666666666671,8.133333333333333,2,4.0,0
239,15,Meghan Merritt,Fashion Marketer,,,4,"Princeton, New Jersey",0,1,,,0,5.0,3.133333333333333,8.133333333333333,2,4.0,0
240,15,Stacey Quirpel,Bartender,,,4,"Quincy, Massachusetts",0,1,,,0,9.0,-0.8666666666666671,8.133333333333333,2,4.0,0
241,15,Kimberly Coon,Marketing Coordinator,,,4,"Orlando, Florida",0,1,,,0,8.0,0.13333333333333286,8.133333333333333,2,3.0,0
242,15,Sarah Powell,Real Estate Broker,,,4,"Denver, Colorado",0,1,,,0,8.0,0.13333333333333286,8.133333333333333,2,3.0,0
243,15,Madison Garton,Model,,,4,"Vail, Colorado",0,1,,,0,10.0,-1.8666666666666671,8.133333333333333,2,3.0,0
244,15,Keltie Colleen,Radio City Rockette,,,4,"Sherwood Park, Alberta",0,1,,,0,7.0,1.1333333333333329,8.133333333333333,2,2.0,0
245,15,Melissa Schreiber,Waitress,,,4,"Westport, Connecticut",0,1,,,0,3.0,5.133333333333333,8.133333333333333,2,2.0,0
246,15,Raichel Goodyear,Manscaper,,,4,"Fullerton, California",0,1,,,0,6.0,2.133333333333333,8.133333333333333,2,2.0,0
247,15,Britnee,Paralegal,,,4,"Holland, Pennsylvania",0,1,,,0,10.0,-1.8666666666666671,8.133333333333333,2,1.0,0
248,15,Cristy Caserta,Attorney,,,4,"Davie, Florida",0,1,,,0,5.0,3.133333333333333,8.133333333333333,2,1.0,0
249,15,"Jessica ""J"" Adams",Operations Manager,,,4,"Seattle, Washington",0,1,,,0,9.0,-0.8666666666666671,8.133333333333333,2,1.0,0
250,15,Jill Ruskowski,Sales director,,,4,"Frisco, Texas",0,1,,,0,7.0,1.1333333333333329,8.133333333333333,2,1.0,0
251,15,Lacey Garbelman,Insurance agent,,,4,"Tampa, Florida",0,1,,,0,8.0,0.13333333333333286,8.133333333333333,2,1.0,0
252,15,Lauren Moore,High School Teacher,,,4,"Culpeper, Virginia",0,1,,,0,9.0,-0.8666666666666671,8.133333333333333,2,1.0,0
253,15,Lisa P.,Sales Consultant,,,4,"Dix Hills, New York",0,1,,,0,8.0,0.13333333333333286,8.133333333333333,2,1.0,0
254,15,Rebecca,Esthetician,,,4,"Mission Viejo, California",0,1,,,0,5.0,3.133333333333333,8.133333333333333,2,1.0,0
255,15,Renee Halpin,Nanny,,,4,"Palos Hills, Illinois",0,1,,,0,7.0,1.1333333333333329,8.133333333333333,2,1.0,0
256,15,Sarah Ledtke,Musical Theatre Performer,,,4,"Saginaw, Michigan",0,1,,,0,10.0,-1.8666666666666671,8.133333333333333,2,1.0,0
257,16,Courtney Robertson,Model,,,4,"Scottsdale, Arizona",0,1,,,0,0.0,0.4400000000000013,0.4400000000000013,1,,1
258,16,Lindzi Cox,Business development manager,,,4,Newcastle,0,1,WA,W,1,1.0,-0.5599999999999987,0.4400000000000013,2,10.0,0
259,16,Nicki Sterling,Dental hygienist,,,4,"Hurst, Texas",0,1,,,0,2.0,-1.5599999999999987,0.4400000000000013,2,9.0,0
260,16,Kacie Boguskie,Administrative assistant,,,4,"Clarksville, Tennessee",0,1,,,0,4.0,-3.5599999999999987,0.4400000000000013,2,8.0,0
261,16,Emily O'Brien,PhD Student,,,4,"Chapel Hill, North Carolina",0,1,,,0,1.0,-0.5599999999999987,0.4400000000000013,2,7.0,0
262,16,Rachel Truehart,Fashion sales representative,,,4,"Southampton, Massachusetts",0,1,,,0,1.0,-0.5599999999999987,0.4400000000000013,2,7.0,0
263,16,Jamie Otis,Registered nurse,,,4,"Dryden, New York",0,1,,,0,3.0,-2.5599999999999987,0.4400000000000013,2,6.0,0
264,16,Casey Shteamer,Trading clerk,,,4,"Leawood, Kansas",0,1,,,0,2.0,-1.5599999999999987,0.4400000000000013,2,6.0,0
265,16,Blakeley Jones,VIP cocktail waitress,,,4,"Rutherfordton, North Carolina",0,1,,,0,-5.0,5.440000000000001,0.4400000000000013,0,6.0,0
266,16,Jennifer Fritsch,Accountant,,,4,"Cache, Oklahoma",0,1,,,0,0.0,0.4400000000000013,0.4400000000000013,1,5.0,0
267,16,Elyse Myers,Personal trainer,,,4,"Chicago, Illinois",0,1,,,0,4.0,-3.5599999999999987,0.4400000000000013,2,5.0,0
268,16,Monica Spannbauer,Dental consultant,,,4,"Yuba, California",0,1,,,0,-5.0,5.440000000000001,0.4400000000000013,0,4.0,0
269,16,Samantha Levey,Advertising account manager,,,4,"Pittsburgh, Pennsylvania",0,1,,,0,2.0,-1.5599999999999987,0.4400000000000013,2,4.0,0
270,16,Erika Uhlig,Law student,,,4,"Charlottesville, Virginia",0,1,,,0,5.0,-4.559999999999999,0.4400000000000013,2,3.0,0
271,16,Jaclyn Swartz,Advertising account manager,,,4,"Newton, Massachusetts",0,1,,,0,1.0,-0.5599999999999987,0.4400000000000013,2,3.0,0
272,16,Brittney Schreiner,Medical sales representative,,,4,"Colorado Springs, Colorado",0,1,,,0,2.0,-1.5599999999999987,0.4400000000000013,2,3.0,0
273,16,Jenna Burke,Blogger,,,4,"Loveland, Ohio",0,1,,,0,1.0,-0.5599999999999987,0.4400000000000013,2,2.0,0
274,16,Shawn Reynolds,Financial advisor,,,4,"Cincinnati, Ohio",0,1,,,0,0.0,0.4400000000000013,0.4400000000000013,1,2.0,0
275,16,Amber Bacon,Labor and delivery nurse,,,4,"Port Coquitlam, British Columbia",0,1,,,0,5.0,-4.559999999999999,0.4400000000000013,2,1.0,0
276,16,Amber Tierney,Critical care nurse,,,4,"Waverly, Nebraska",0,1,,,0,0.0,0.4400000000000013,0.4400000000000013,1,1.0,0
277,16,Anna Snowball,Student,,,4,"Detroit, Michigan",0,1,,,0,3.0,-2.5599999999999987,0.4400000000000013,2,1.0,0
278,16,Dianna Martinez,Nonprofit director,,,4,"San Gabriel, California",0,1,,,0,-2.0,2.4400000000000013,0.4400000000000013,0,1.0,0
279,16,Holly Johnson,Pharmaceutical sales representative,,,4,"Salyersville, Kentucky",0,1,,,0,-6.0,6.440000000000001,0.4400000000000013,0,1.0,0
280,16,Lyndsie James,Internet entrepreneur,,,4,"London, England",0,1,,,0,-1.0,1.4400000000000013,0.4400000000000013,0,1.0,0
281,16,Shira Astrof,Actress,,,4,Massapequa Park,0,1,NY,N,0,-7.0,7.440000000000001,0.4400000000000013,0,1.0,0
282,17,Catherine Giudici,Graphic Designer,,,4,Seattle,0,1,WA,W,0,2.0,-0.42307692307692335,1.5769230769230766,2,,1
283,17,Lindsay Yenter,Substitute Teacher,,,4,Fort Bragg,0,1,NC,S,1,4.0,-2.4230769230769234,1.5769230769230766,2,10.0,0
284,17,AshLee Frazier,Personal Organizer,,,4,Houston,0,1,TX,S,1,-4.0,5.576923076923077,1.5769230769230766,0,9.0,0
285,17,Desiree Hartsock,Bridal Stylist,,,4,Northglenn,0,1,CO,W,0,2.0,-0.42307692307692335,1.5769230769230766,2,8.0,0
286,17,Lesley Murphy,Political Consultant,,,4,Fort Smith,0,1,AR,S,1,4.0,-2.4230769230769234,1.5769230769230766,2,7.0,0
287,17,Tierra LiCausi,Leasing Consultant,,,4,Las Vegas,0,1,NV,W,0,4.0,-2.4230769230769234,1.5769230769230766,2,7.0,0
288,17,Daniella McBride,Commercial Casting Associate,,,4,Belmont,0,1,CA,W,0,4.0,-2.4230769230769234,1.5769230769230766,2,6.0,0
289,17,Selma Alameri,Real Estate Dealer,,,4,Borrego Springs,0,1,CA,W,0,-1.0,2.5769230769230766,1.5769230769230766,0,6.0,0
290,17,Sarah Herron,Advertising Executive,,,4,Evergreen,0,1,CO,W,0,2.0,-0.42307692307692335,1.5769230769230766,2,6.0,0
291,17,Robyn Howard,Oil Field Account Manager,,,4,Topeka,0,1,KS,M,0,4.0,-2.4230769230769234,1.5769230769230766,2,5.0,0
292,17,Jackie Parr,Cosmetics Consultant,,,4,Ormond Beach,0,1,FL,S,1,3.0,-1.4230769230769234,1.5769230769230766,2,5.0,0
293,17,Amanda Meyer,Fit Model,,,4,Bakersfield,0,1,CA,W,0,2.0,-0.42307692307692335,1.5769230769230766,2,4.0,0
294,17,Leslie Hughes,Poker Dealer,,,4,Ruskin,0,1,FL,S,1,0.0,1.5769230769230766,1.5769230769230766,1,4.0,0
295,17,Kristy Kaminski,Model,,,4,Darien,0,1,WI,M,0,3.0,-1.4230769230769234,1.5769230769230766,2,3.0,0
296,17,Taryn Renee Daniels,Health Club Manager,,,4,Troutdale,0,1,OR,W,0,-2.0,3.5769230769230766,1.5769230769230766,0,3.0,0
297,17,Kacie Boguskie,Administrative Assistant,,,4,Clarksville,0,1,TN,S,1,3.0,-1.4230769230769234,1.5769230769230766,2,3.0,0
298,17,Brooke Burchette,Community Organizer,,,4,"Pittsburgh, Pennsylvania",0,1,,,0,3.0,-1.4230769230769234,1.5769230769230766,2,2.0,0
299,17,Diana Weeks Willardson,Salon Owner,,,4,Sandy,0,1,UT,W,0,-3.0,4.576923076923077,1.5769230769230766,0,2.0,0
300,17,Katie Levans,Yoga Instructor,,,4,Woodstock,0,1,IL,M,0,1.0,0.5769230769230766,1.5769230769230766,2,2.0,0
301,17,Ashley Harper,Fashion Model,,,4,Garner,0,1,NC,S,1,3.0,-1.4230769230769234,1.5769230769230766,2,1.0,0
302,17,Ashley Palenkas,Hair Stylist,,,4,Macomb,0,1,MI,W,0,0.0,1.5769230769230766,1.5769230769230766,1,1.0,0
303,17,Kelly Dutton,Cruise Ship Entertainer,,,4,Chattanooga,0,1,TN,S,1,0.0,1.5769230769230766,1.5769230769230766,1,1.0,0
304,17,Keriann Miranda,Entrepreneur,,,4,Agoura Hills,0,1,CA,W,0,-1.0,2.5769230769230766,1.5769230769230766,0,1.0,0
305,17,Lacey Latka,Graduate Student,,,4,Stevenson Ranch,0,1,CA,W,0,4.0,-2.4230769230769234,1.5769230769230766,2,1.0,0
306,17,Lauren Marchetti,Journalist,,,4,Cranston,0,1,RI,N,0,1.0,0.5769230769230766,1.5769230769230766,2,1.0,0
307,17,Paige Vigil,Jumbotron Operator,,,4,Minnetonka,0,1,MN,M,0,3.0,-1.4230769230769234,1.5769230769230766,2,1.0,0
308,18,Nikki Ferrell,Pediatric Nurse,,,4,Kearney,0,1,MO,M,0,6.0,-0.11111111111111072,5.888888888888889,2,,1
309,18,Clare Crawley,Hairstylist,,,4,Sacramento,0,1,CA,W,0,0.0,5.888888888888889,5.888888888888889,1,10.0,0
310,18,Andi Dorfman,Assistant District Attorney,,,4,Buckhead,0,1,GA,S,1,6.0,-0.11111111111111072,5.888888888888889,2,9.0,0
311,18,Renee Oteri,Real Estate Agent,,,4,Martha's Vineyard,0,1,MA,N,0,0.0,5.888888888888889,5.888888888888889,1,8.0,0
312,18,Chelsie Webster,Science Educator,,,4,Lexington,0,1,OH,M,0,8.0,-2.1111111111111107,5.888888888888889,2,7.0,0
313,18,Sharleen Joynt,Opera Singer,,,4,"Ottawa, Ontario",0,1,,,0,3.0,2.8888888888888893,5.888888888888889,2,7.0,0
314,18,Kat Hurd,Medical Sales Representative/NBA Dancer,,,4,Iowa City,0,1,IA,M,0,3.0,2.8888888888888893,5.888888888888889,2,6.0,0
315,18,Cassandra Ferguson,Former NBA Dancer,,,4,Shelby Charter Township,0,1,MI,W,0,10.0,-4.111111111111111,5.888888888888889,2,6.0,0
316,18,Alli Restko,Nanny,,,4,Orland Park,0,1,IL,M,0,6.0,-0.11111111111111072,5.888888888888889,2,5.0,0
317,18,Danielle Ronco,Psychiatric Nurse,,,4,Litchfield,0,1,IL,M,0,7.0,-1.1111111111111107,5.888888888888889,2,5.0,0
318,18,Kelly Travis,Dog Lover,,,4,Conyers,0,1,GA,S,1,5.0,0.8888888888888893,5.888888888888889,2,5.0,0
319,18,Elise Mosca,First Grade Teacher,,,4,Forty Fort,0,1,PA,N,0,5.0,0.8888888888888893,5.888888888888889,2,4.0,0
320,18,Lauren Solomon,Music Composer,,,4,Austin,0,1,TX,S,1,6.0,-0.11111111111111072,5.888888888888889,2,4.0,0
321,18,Christy Hansen,Marketing Manager,,,4,Aurora,0,1,IL,M,0,8.0,-2.1111111111111107,5.888888888888889,2,3.0,0
322,18,"Lucinda ""Lucy"" Aragon",Free Spirit,,,4,Santa Barbara,0,1,CA,W,0,7.0,-1.1111111111111107,5.888888888888889,2,3.0,0
323,18,Amy Long,Local News Reporter,,,4,Clermont,0,1,FL,S,1,5.0,0.8888888888888893,5.888888888888889,2,2.0,0
324,18,Chantel Forrest,Account Manager,,,4,Miami,1,1,FL,S,1,5.0,0.8888888888888893,5.888888888888889,2,2.0,0
325,18,Victoria Lima,Legal Assistant,,,4,"Porto Alegre, Brazil",0,1,,,0,8.0,-2.1111111111111107,5.888888888888889,2,2.0,0
326,18,Alexis Morgado,Communications Director/NHL Ice Girl,,,4,Tampa,0,1,FL,S,1,8.0,-2.1111111111111107,5.888888888888889,2,1.0,0
327,18,Amy Jokinen,Massage Therapist,,,4,Apopka,0,1,FL,S,1,1.0,4.888888888888889,5.888888888888889,2,1.0,0
328,18,Ashley Poe,Grade School Teacher,,,4,Roanoke,0,1,TX,S,1,7.0,-1.1111111111111107,5.888888888888889,2,1.0,0
329,18,Christine Llano,Police Support Specialist,,,4,Miami,1,1,FL,S,1,9.0,-3.1111111111111107,5.888888888888889,2,1.0,0
330,18,Kylie Lewis,Interior Designer,,,4,Rockford,0,1,IL,M,0,9.0,-3.1111111111111107,5.888888888888889,2,1.0,0
331,18,Lacy Faddoul,Nursing Home Owner,,,4,Antelope Acres,0,1,CA,W,0,7.0,-1.1111111111111107,5.888888888888889,2,1.0,0
332,18,Lauren Higginson,Mineral Coordinator,,,4,Edmond,0,1,OK,S,1,7.0,-1.1111111111111107,5.888888888888889,2,1.0,0
333,18,Maggie Gantt,Personal Banker,,,4,Wagener,0,1,SC,S,1,7.0,-1.1111111111111107,5.888888888888889,2,1.0,0
334,18,Valerie Eredia,Personal Trainer,,,4,Sutter,0,1,CA,W,0,6.0,-0.11111111111111072,5.888888888888889,2,1.0,0
335,19,Whitney Bischoff,Fertility Nurse,,,4,Louisville,0,1,KY,S,0,4.0,2.166666666666668,6.166666666666668,2,,1
336,19,Becca Tilley,Chiropractic Assistant,,,4,Shreveport,0,1,LA,S,0,8.0,-1.8333333333333321,6.166666666666668,2,10.0,0
337,19,Kaitlyn Bristowe,Dance Instructor,,,4,Leduc,0,1,Alberta,Alberta,0,4.0,2.166666666666668,6.166666666666668,2,9.0,0
338,19,Jade Roper,Cosmetics Developer,,,4,Gering,0,1,NE,W,0,5.0,1.1666666666666679,6.166666666666668,2,8.0,0
339,19,Carly Waddell,Cruise Ship Singer,,,4,Arlington,1,1,TX,S,0,4.0,2.166666666666668,6.166666666666668,2,7.0,0
340,19,Britt Nilsson,Waitress,,,4,Wolcott Mills,0,1,MI,W,0,6.0,0.16666666666666785,6.166666666666668,2,7.0,0
341,19,Megan Bell,Make-Up Artist,,,4,Nashville,0,1,TN,S,0,9.0,-2.833333333333332,6.166666666666668,2,6.0,0
342,19,Kelsey Poe,Guidance Counselor,,,4,Hudsonville,0,1,MI,W,0,5.0,1.1666666666666679,6.166666666666668,2,6.0,0
343,19,Ashley Iaconetti,Nanny/Freelance Journalist,,,4,Great Falls,0,1,VA,S,0,7.0,-0.8333333333333321,6.166666666666668,2,6.0,0
344,19,Mackenzie Deonigi,Dental Assistant,,,4,Maple Valley,0,1,WA,W,0,12.0,-5.833333333333332,6.166666666666668,2,5.0,0
345,19,Samantha Steffen,Fashion Designer,,,4,Indianapolis,0,1,IN,M,1,6.0,0.16666666666666785,6.166666666666668,2,5.0,0
346,19,Ashley Salter,Hair Stylist,,,4,Vinings,0,1,GA,S,0,9.0,-2.833333333333332,6.166666666666668,2,4.0,0
347,19,Juelia Kinney,Esthetician,,,4,Beaverton,0,1,OR,W,0,3.0,3.166666666666668,6.166666666666668,2,4.0,0
348,19,Nikki Delventhal,Former NFL Cheerleader,,,4,Hasbrouck Heights,0,1,NJ,N,0,7.0,-0.8333333333333321,6.166666666666668,2,4.0,0
349,19,Jillian Anderson,News Producer,,,4,Howland,0,1,OH,M,1,8.0,-1.8333333333333321,6.166666666666668,2,4.0,0
350,19,Amber James,Bartender,,,4,Kankakee,0,1,IL,M,1,4.0,2.166666666666668,6.166666666666668,2,3.0,0
351,19,Tracy Darakis,Fourth Grade Teacher,,,4,Wellington,0,1,FL,S,0,4.0,2.166666666666668,6.166666666666668,2,3.0,0
352,19,Trina Scherenberg,Special Education Teacher,,,4,Algonquin,0,1,IL,M,1,0.0,6.166666666666668,6.166666666666668,1,3.0,0
353,19,Alissa Giambrone,Flight Attendant,,,4,Hamilton,0,1,NJ,N,0,9.0,-2.833333333333332,6.166666666666668,2,2.0,0
354,19,Jordan Branch,Student,,,4,Windsor,0,1,CO,W,0,9.0,-2.833333333333332,6.166666666666668,2,2.0,0
355,19,Kimberly Sherbach,Yoga Instructor,,,4,Wantagh,0,1,NY,N,0,5.0,1.1666666666666679,6.166666666666668,2,2.0,0
356,19,Tandra Steiner,Executive Assistant,,,4,Sandy,0,1,UT,W,0,3.0,3.166666666666668,6.166666666666668,2,2.0,0
357,19,Tara Eddings,Sport Fishing Enthusiast,,,4,Fort Lauderdale,0,1,FL,S,0,7.0,-0.8333333333333321,6.166666666666668,2,2.0,0
358,19,Amanda Goerlitz,Ballet Teacher,,,4,Lake in the Hills,0,1,IL,M,1,9.0,-2.833333333333332,6.166666666666668,2,1.0,0
359,19,Bo Stanley,Plus-Size Model,,,4,Carpinteria,0,1,CA,W,0,8.0,-1.8333333333333321,6.166666666666668,2,1.0,0
360,19,Brittany Fetkin,WWE Diva-in-Training,,,4,Temecula,0,1,CA,W,0,7.0,-0.8333333333333321,6.166666666666668,2,1.0,0
361,19,Kara Wilson,High School Soccer Coach,,,4,Brownsville,0,1,KY,S,0,8.0,-1.8333333333333321,6.166666666666668,2,1.0,0
362,19,Michelle Davis,Wedding Cake Baker,,,4,Provo,0,1,UT,W,0,8.0,-1.8333333333333321,6.166666666666668,2,1.0,0
363,19,Nicole Meacham,Real Estate Agent,,,4,Scottsdale,0,1,AZ,W,0,2.0,4.166666666666668,6.166666666666668,2,1.0,0
364,19,Reegan Cornwell,Cadaver Tissue Saleswoman,,,4,Manhattan Beach,0,1,CA,W,0,5.0,1.1666666666666679,6.166666666666668,2,1.0,0
365,20,Lauren Bushnell,Flight Attendant,,,4,West Linn,0,1,OR,W,0,1.0,-0.14285714285714235,0.8571428571428577,2,,1
366,20,"Joelle ""JoJo"" Fletcher",Real Estate Developer,,,4,Dallas,0,1,TX,S,0,2.0,-1.1428571428571423,0.8571428571428577,2,10.0,0
367,20,Caila Quinn,Software Sales Representative,,,4,Hudson,0,1,OH,M,1,2.0,-1.1428571428571423,0.8571428571428577,2,9.0,0
368,20,Amanda Stanton,Esthetician,,,4,Rancho Santa Margarita,0,1,CA,W,0,1.0,-0.14285714285714235,0.8571428571428577,2,8.0,0
369,20,Becca Tilley,Chiropractic Assistant,,,4,Shreveport,0,1,LA,S,0,0.0,0.8571428571428577,0.8571428571428577,1,7.0,0
370,20,Emily Ferguson,Waitress,,,4,Las Vegas,0,1,NV,W,0,3.0,-2.1428571428571423,0.8571428571428577,2,7.0,0
371,20,Lauren Himle,Kindergarten Teacher,,,4,Dexter,0,1,MI,W,0,1.0,-0.14285714285714235,0.8571428571428577,2,6.0,0
372,20,Olivia Caridi,Former News Anchor,,,4,Bristol,0,1,VA,S,0,3.0,-2.1428571428571423,0.8571428571428577,2,6.0,0
373,20,Leah Block,Event Planner,,,4,Greenwood Village,0,1,CO,W,0,1.0,-0.14285714285714235,0.8571428571428577,2,6.0,0
374,20,Jennifer Saviano,Small Business Owner,,,4,Lauderdale Lakes,0,1,FL,S,0,1.0,-0.14285714285714235,0.8571428571428577,2,5.0,0
375,20,Jubilee Sharpe,War Veteran,,,4,Fort Lauderdale,0,1,FL,S,0,2.0,-1.1428571428571423,0.8571428571428577,2,5.0,0
376,20,Amber James,Bartender,,,4,Kankakee,0,1,IL,M,1,-4.0,4.857142857142858,0.8571428571428577,0,4.0,0
377,20,Rachel Tchen,Unemployed,,,4,Little Rock,0,1,AR,S,0,3.0,-2.1428571428571423,0.8571428571428577,2,4.0,0
378,20,Haley Ferguson,Waitress,,,4,Las Vegas,0,1,NV,W,0,3.0,-2.1428571428571423,0.8571428571428577,2,4.0,0
379,20,Jami Letain,Bartender,,,4,St. Albert,0,1,Alberta,Alberta,0,3.0,-2.1428571428571423,0.8571428571428577,2,3.0,0
380,20,Shushanna Mkrtychyan,Mathematician,,,4,Salt Lake City,0,1,UT,W,0,-1.0,1.8571428571428577,0.8571428571428577,0,3.0,0
381,20,Lace Morris,Real Estate Agent,,,4,Denver,0,1,CO,W,0,1.0,-0.14285714285714235,0.8571428571428577,2,3.0,0
382,20,"Amanda ""Mandi"" Kremer",Dentist,,,4,Portland,0,1,OR,W,0,-2.0,2.8571428571428577,0.8571428571428577,0,2.0,0
383,20,"Jacqueline ""Jackie"" Dion",Gerontologist,,,4,Newport Beach,0,1,CA,W,0,3.0,-2.1428571428571423,0.8571428571428577,2,2.0,0
384,20,Samantha Passmore,Attorney,,,4,New Smyrna Beach,0,1,FL,S,0,0.0,0.8571428571428577,0.8571428571428577,1,2.0,0
385,20,"Lauren ""LB"" Barr",Fashion Buyer,,,4,Stillwater,0,1,OK,S,0,3.0,-2.1428571428571423,0.8571428571428577,2,2.0,0
386,20,Breanne Rice,Nutritional Therapist,,,4,Seattle,0,1,WA,W,0,-4.0,4.857142857142858,0.8571428571428577,0,1.0,0
387,20,"Isabel ""Izzy"" Goodkind",Graphic Designer,,,4,Branford,0,1,CT,N,0,2.0,-1.1428571428571423,0.8571428571428577,2,1.0,0
388,20,Jessica Moser,Accountant,,,4,Boca Raton,0,1,FL,S,0,3.0,-2.1428571428571423,0.8571428571428577,2,1.0,0
389,20,Laura Esselman,Account Executive,,,4,Louisville,0,1,KY,S,0,2.0,-1.1428571428571423,0.8571428571428577,2,1.0,0
390,20,Lauren Russell,Math Teacher,,,4,Houston,0,1,TX,S,0,0.0,0.8571428571428577,0.8571428571428577,1,1.0,0
391,20,Maegan Miller,Cowgirl,,,4,Visalia,0,1,CA,W,0,-4.0,4.857142857142858,0.8571428571428577,0,1.0,0
392,20,Tiara Soleim,Chicken Enthusiast,,,4,Redmond,0,1,WA,W,0,-1.0,1.8571428571428577,0.8571428571428577,0,1.0,0
393,21,Alexis,Aspiring Dolphin Trainer,66.0,8.0,2,Secaucus,0,1,NJ,N,0,13.0,-2.966666666666665,10.033333333333335,2,5.0,0
394,21,Angela,Model,67.0,7.0,2,Greenville,0,1,SC,S,0,10.0,0.03333333333333499,10.033333333333335,2,1.0,0
395,21,Astrid,Plastic Surgery Office Manager,67.5,6.5,2,Tampa,0,1,FL,S,0,10.0,0.03333333333333499,10.033333333333335,2,4.0,0
396,21,Briana,Surgical Unit Nurse,64.0,10.0,2,Salt Lake City,0,1,UT,W,0,8.0,2.033333333333335,10.033333333333335,2,1.0,0
397,21,Brittany,Travel Nurse,62.0,12.0,2,Santa Monica,0,1,CA,W,0,10.0,0.03333333333333499,10.033333333333335,2,3.0,0
398,21,Christen,Wedding Videographer,65.0,9.0,2,Tulsa,0,1,OK,S,0,11.0,-0.966666666666665,10.033333333333335,2,3.0,0
399,21,Corinne,Business Owner,61.0,13.0,2,Miami,0,1,FL,S,0,12.0,-1.966666666666665,10.033333333333335,2,8.0,0
400,21,Danielle L.,Small Business Owner,65.0,9.0,2,Los Angeles,0,1,CA,W,0,9.0,1.033333333333335,10.033333333333335,2,6.0,0
401,21,Danielle M.,Neonatal Nurse,70.0,4.0,2,Nashville,0,1,TN,S,0,5.0,5.033333333333335,10.033333333333335,2,7.0,0
402,21,Dominique,Restaurant Server,64.0,10.0,2,Los Angeles,0,1,CA,W,0,11.0,-0.966666666666665,10.033333333333335,2,3.0,0
403,21,Liz,Doula,64.0,10.0,2,Las Vegas,0,1,NV,W,0,7.0,3.033333333333335,10.033333333333335,2,2.0,0
404,21,Elizabeth,Marketing Manager,67.0,7.0,2,Dallas,0,1,TX,S,0,12.0,-1.966666666666665,10.033333333333335,2,2.0,0
405,21,Hailey,Photographer,67.0,7.0,2,Vancouver,0,1,British Columbia,British Columbia,0,13.0,-2.966666666666665,10.033333333333335,2,2.0,0
406,21,Ida Marie,Sales Manager,68.0,6.0,2,Harlingen,0,1,TX,S,0,13.0,-2.966666666666665,10.033333333333335,2,1.0,0
407,21,Jaimi,Chef,62.0,12.0,2,New Orleans,0,1,LA,S,0,8.0,2.033333333333335,10.033333333333335,2,5.0,0
408,21,Jasmine B.,Flight Attendant,62.5,11.5,2,Tacoma,0,1,WA,W,0,11.0,-0.966666666666665,10.033333333333335,2,1.0,0
409,21,Jasmine G.,Pro Basketball Dancer,67.0,7.0,2,San Francisco,0,1,CA,W,0,7.0,3.033333333333335,10.033333333333335,2,6.0,0
410,21,Josephine,Registered Nurse,67.75,6.25,2,Santa Cruz,0,1,CA,W,0,12.0,-1.966666666666665,10.033333333333335,2,5.0,0
411,21,Kristina,Dental Hygienist,62.0,12.0,2,Lexington,0,1,KY,S,0,12.0,-1.966666666666665,10.033333333333335,2,7.0,0
412,21,Lacey,Digital Marketing Manager,63.0,11.0,2,Manhattan,0,1,NY,N,0,11.0,-0.966666666666665,10.033333333333335,2,2.0,0
413,21,Lauren,Law School Graduate,67.0,7.0,2,Naples,0,1,FL,S,0,6.0,4.033333333333335,10.033333333333335,2,1.0,0
414,21,Michelle,Food Truck Owner,61.0,13.0,2,Los Angeles,0,1,CA,W,0,12.0,-1.966666666666665,10.033333333333335,2,1.0,0
415,21,Olivia,Apparel Sales Representative,67.0,7.0,2,Anchorage,0,1,AK,O,0,11.0,-0.966666666666665,10.033333333333335,2,1.0,0
416,21,Rachel,Attorney,64.0,10.0,2,Dallas,0,1,TX,S,0,5.0,5.033333333333335,10.033333333333335,2,,1
417,21,Raven,Fashion Boutique Owner,66.0,8.0,2,Hoxie,0,1,AR,S,0,11.0,-0.966666666666665,10.033333333333335,2,,1
418,21,Sarah,Grade School Teacher,65.0,9.0,2,Newport Beach,0,1,CA,W,0,10.0,0.03333333333333499,10.033333333333335,2,4.0,0
419,21,Susannah,Account Manager,66.0,8.0,2,San Diego,0,1,CA,W,0,10.0,0.03333333333333499,10.033333333333335,2,1.0,0
420,21,Taylor,Mental Health Counselor,64.0,10.0,2,Seattle,0,1,WA,W,0,13.0,-2.966666666666665,10.033333333333335,2,5.0,0
421,21,Vanessa,Special Education Teacher,63.5,10.5,2,Montreal,0,1,Quebec,Quebec,0,7.0,3.033333333333335,10.033333333333335,2,,1
422,21,Whitney,Pilates Instructor,68.0,6.0,2,Chanhassen,0,1,MN,M,1,11.0,-0.966666666666665,10.033333333333335,2,6.0,0
