1/8/2003,2/19/2003,Season1,The Bachelorette,BacheloretteABC,Bachelorettenation,Bachelorettenews,Bachelorette2003,BachleoretteWednesday,Bachelorettefantasyleague,Bachbracket,Trista,Ryan,Charlie,Russell,Greg,Bob,Jamie,Mike,Rob,Brian,Brook,Jack,Jeff,Josh,Wayne,Billy,Chris,Duane,Eric,Gregg,Matt,Paul,Peter,,,,,,,,
1/14/2004,2/26/2004,Season2,The Bachelorette,BacheloretteABC,Bachelorettenation,Bachelorettenews,Bachelorette2004,BachleoretteWednesday,Bachelorettefantasyleague,Bachbracket,Meredith,Ian,Matthew,Chad,Lanny,Brad,Ryan,Sean,Rick,Trever,Todd,Damon,Eliot,Harold,Marcus,Robert,Aaron,Andy,Anselm,Brian,Chris,Cory,Jeff,Justin,Keith,,,,,,
1/10/2005,2/28/2005,Season3,The Bachelorette,BacheloretteABC,Bachelorettenation,Bachelorettenews,Bachelorette2005,BachleoretteMonday,Bachelorettefantasyleague,Bachbracket,Jen,Jerry,John,Kevin,Wendell,Ben,Fabrice,Josh,Keith,A.W.,Jason,Mark,Matt,Michael,Ryan,Stu,Andrew,Andy,Chris,AW,Collin,David,Eric,,,,,,,,
5/19/2008,7/19/2008,Season4,The Bachelorette,BacheloretteABC,Bachelorettenation,Bachelorettenews,Bachelorette2008,BachleoretteMonday,Bachelorettefantasyleague,Bachbracket,DeAnna,Jesse,Jason,Jeremy,Graham,Sean,Blaine,Patrick,Fred,Robert,Paul,Ronald,Richard,Chris,Eric,Ryan,Brian,Chandler,Donato,Greg,Jeffrey,Jon,Luke,Spero,,,,,,,
5/18/2009,7/28/2009,Season5,The Bachelorette,BacheloretteABC,Bachelorettenation,Bachelorettenews,Bachelorette2009,BachleoretteMonday,Bachelorettefantasyleague,Bachbracket,Jillian,Ed,Kiptyn,Reid,Wes,Jesse,Michael,Jake,Kyle,Robby,Mark,David,Juan,Mike,Brad,Tanner,Sasha,Brian,Julien,Mathue,Simon,Adam,Bryan,Bryce,Caleb,Greg,Stephen,John,Josh,,
5/24/2010,8/2/2010,Season6,The Bachelorette,BacheloretteABC,Bachelorettenation,Bachelorettenews,Bachelorette2010,BachleoretteMonday,Bachelorettefantasyleague,Bachbracket,Ali,Roberto,Jay,Frank,Kirk,Ty,John,Justin,Kyle,Kasey,Jesse,Jonathan,Phil,Steve,Hunter,Chris,Craig,Tyler,Derek,Derrick,Jason,,,,,,,,,,
5/23/2011,8/1/2011,Season7,The Bachelorette,BacheloretteABC,Bachelorettenation,Bachelorettenews,Bachelorette2011,BachleoretteMonday,Bachelorettefantasyleague,Bachbracket,Ashley,J.P.,Rob,Constantine,Ames,Lucas,Tim,Blake,Mickey,Nick,William,Ben,West,JP,Jeff,Bentley,Matt,Ryan,Stephen,Anthony,Chris,Frank,Jon,Michael,,,,,,,
5/14/2012,7/23/2012,Season8,The Bachelorette,BacheloretteABC,Bachelorettenation,Bachelorettenews,Bachelorette2012,BachleoretteMonday,Bachelorettefantasyleague,Bachbracket,Emily,Jef,Arie,Sean,Chris,John,Doug,Ryan,Travis,Alejandro,Kalon,Charlie,Michael,Nathan,Stevie,Alessandro,Tony,Aaron,Kyle,Joe,Brent,David,Jackson,Jean-Paul,Lerone,Randy,,,,,
5/27/2013,8/5/2013,Season9,The Bachelorette,BacheloretteABC,Bachelorettenation,Bachelorettenews,Bachelorette2013,BachleoretteMonday,Bachelorettefantasyleague,Bachbracket,Desiree,Chris,Drew,Brooks,Zak,Michael,James,Juan Pablo,Kasey,Mikey,Ben,Bryden,Zack,Brad,Brandon,Dan,Brian,Nick,Robert,Will,Diogo,Larry,Micah,Mike,Jonathan,,,,,,
5/19/2014,7/28/2014,Season10,The Bachelorette,BacheloretteABC,Bachelorettenation,Bachelorettenews,Bachelorette2014,BachleoretteMonday,Bachelorettefantasyleague,Bachbracket,Andi,JJ,Steven,Chris,Marcus,Brian,Dylan,J.J.,Cody,Andrew,Marquel,Patrick,Tasos,Eric,Bradley,Brett,Ron,Carl,Craig,Nick,Emil,Jason,Josh,Mike,Rudie,,,,,,
5/18/2015,7/27/2015,Season11,The Bachelorette,BacheloretteABC,Bachelorettenation,Bachelorettenews,Bachelorette2015,BachleoretteMonday,Bachelorettefantasyleague,Bachbracket,Kaitlyn,Ryan,Nick,Brady,Jared,Joe,Chris,Ben,Tanner,J.J.,Joshua,Justin,Ian,Corey,Jonathan,JJ,Clint,Tony,Cory,Daniel,Kupah,Bradley,David,Josh,Shawn,,,,,,
5/23/2016,8/1/2016,Season12,The Bachelorette,BacheloretteABC,Bachelorettenation,Bachelorettenews,Bachelorette2016,BachleoretteMonday,Bachelorettefantasyleague,Bachbracket,JoJo,Jordan,Robby,Chase,Luke,Sal,Alex,Derek,Wells,Evan,Grant,Vinny,Daniel,Peter,Chad,Ali,Christian,Nick,Brandon,James,Will,Coley,Jake,Jonathan,,,,,,,
5/22/2017,8/7/2017,Season13,The Bachelorette,BacheloretteABC,Bachelorettenation,Bachelorettenews,Bachelorette2017,BachleoretteMonday,Bachelorettefantasyleague,Bachbracket,Rachel,Bryan,Peter,Eric,Dean,Adam,Matt,Alex,Will,Kenny,Anthony,Josiah,Lee,Iggy,Jonathan,Jack,Brady,Diggy,Bryce,Fred,Jamey,Kyle,Lucas,DeMario,Jedidiah,Michael,Rob,Grant,Blake,Milton,Mohit
5/28/2018,8/6/2018,Season14,The Bachelorette,BacheloretteABC,Bachelorettenation,Bachelorettenews,Bachelorette2018,BachleoretteMonday,Bachelorettefantasyleague,Bachbracket,Becca,Garrett,Blake,Jason,Colton,Wills,Leo,Connor,Lincoln,Chris,John,Jordan,David,Christon,Nick,Jean,Mike,Ryan,Clay,Alex,Rickey,Trent,Chase,Christian,Darius,Grant,Joe,Kamil,Jake,,
3/25/2002,4/25/2002,Season1,The Bachelor,BachelorABC,Bachelornation,Bachelornews,Bachelor2002,BachleorMonday,Bachelorfantasyleague,Bachbracket,Alex,Amanda,Trista,Shannon,Kim,Cathy,Christina,LaNease,Rhonda,Alexa,Amy,Angela,Angelique,Katie,Melissa,Tina,Amber,Daniela,Denise,Jackie,Jill,Kristina,Lisa,Paula,Rachel,Wendi,,,,,
9/25/2002,11/20/2002,Season2,The Bachelor,BachelorABC,Bachelornation,Bachelornews,Bachelor2002,BachleorWednesday,Bachelorfantasyleague,Bachbracket,Aaron,Helene,Brooke,Gwen,Angela,Hayley,Dana,Christi,Heather,Kyla,Shannon,Merrilee,Suzi,Suzanne,Frances,Anindita,Amber,Camille,Cari,Christy,Erin,Fatima,Liangy,Lori,,,,,,,
4/7/2004,5/26/2004,Season5,The Bachelor,BachelorABC,Bachelornation,Bachelornews,Bachelor2004,BachleorWednesday,Bachelorfantasyleague,Bachbracket,Jesse,Tara,Trish,Suzie,Karen,Jessica,Holly,Rachel,Kristin,Julie,Katie,Jean-Marie,Debbie,Anne-Catherine,Amber,Mandy,Kristy,Celeste,Jenny,Dolores,Francine,DeShaun,,,,,,,,,
10/2/2006,11/27/2006,Season9,The Bachelor,BachelorABC,Bachelornation,Bachelornews,Bachelor2006,BachleorMonday,Bachelorfantasyleague,Bachbracket,Lorenzo,Jennifer,Sadie,Lisa,Agnese,Jeanette,Desiree,Jami,Bethany,Erica,Sarah,Kim,Ellen,Tara,Ruthie,Rita,Renee,Meri,Laura,Jessica,Heather,Elyse,Cosetta,Claudia,Carissa,Britt,Andrea,April,,,
4/2/2007,5/22/2007,Season10,The Bachelor,BachelorABC,Bachelornation,Bachelornews,Bachelor2007,BachleorMonday,Bachelorfantasyleague,Bachbracket,Andrew,Tessa,Bevin,Lindsay,Amber,Tiffany,Tina,Kate,Nicole,Stephanie,Amanda,Erin,Peyton,Alexis,Susan,Blakeney,Candice,Catherine,Danielle,Jackie,Jeanette,Jessica,Linda,,,,,,,,
3/17/2008,5/12/2008,Season12,The Bachelor,BachelorABC,Bachelornation,Bachelornews,Bachelor2008,BachleorMonday,Bachelorfantasyleague,Bachbracket,Matt,Shayne,Chelsea,Tiffany ,Noelle,Marshana,Robin,Ashlee,Kelly,Holly,Amy,Kristine,Carri,Erin,Michelle,Alyssa,Amanda,Denise,Devon,Lesley,Michele,Rebecca,Stacey,Tamara,,,,,,,
1/5/2009,3/3/2009,Season13,The Bachelor,BachelorABC,Bachelornation,Bachelornews,Bachelor2009,BachleorMonday,Bachelorfantasyleague,Bachbracket,Jason,Melissa,Molly,Jillian,Naomi,Stephanie,Lauren,Megan,Shannon,Nikki,Erica,Kari,Natalie,Raquel,Sharon,Alex ,Ann,Dominique,Emily,Jackie,Julie,Nicole,Renee,Shelby,Stacia,Treasure,,,,,
1/4/2010,3/1/2010,Season14,The Bachelor,BachelorABC,Bachelornation,Bachelornews,Bachelor2010,BachleorMonday,Bachelorfantasyleague,Bachbracket,Jake,Vienna,Tenley,Gia,Ali,Corrie,Ashleigh,Jessie,Kathryn,Ella,Valishia,Michelle,Ashley,Christina,Rozlyn,Lex,Caitlyn,Channy,Elizabeth,Emily,Kimberly,Kirsten,Sheila,Stephanie,Tiana,,,,,,
1/3/2011,3/14/2011,Season15,The Bachelor,BachelorABC,Bachelornation,Bachelornews,Bachelor2011,BachleorMonday,Bachelorfantasyleague,Bachbracket,Brad,Emily,Chantal,Renee,Shawntel,Michelle,Mallory,Jackie,Alli,Sarah,Marissa,Ashley,Lindsay,Meghan,Stacey,Kimberly,Madison,Keltie,Melissa,Raichel,Britnee,Cristy,J,Jill,Lacey,Lauren,Lisa,Rebecca,,,
1/2/2012,3/12/2012,Season16,The Bachelor,BachelorABC,Bachelornation,Bachelornews,Bachelor2012,BachleorMonday,Bachelorfantasyleague,Bachbracket,Ben,Courtney,Lindzi,Nicki,Kacie,Emily,Rachel,Jamie,Casey,Kelsey,Jennifer,Elyse,Monica,Samantha,Erika,Jaclyn,Brittney,Jenna,Shawn,Amber,Anna,Dianna,Holly,Lyndsie,Shira,,,,,,
1/7/2013,3/11/2013,Season17,The Bachelor,BachelorABC,Bachelornation,Bachelornews,Bachelor2013,BachleorMonday,Bachelorfantasyleague,Bachbracket,Sean,Catherine,Lindsay,AshLee,Desiree,Lesley,Tierra,Daniella,Selma,Sarah,Robyn,Jackie,Amanda,Leslie,Kristy,Taryn,Kacie,Brooke,Diana,Katie,Ashley,Kelly,Keriann,Lacey,Lauren,Paige,,,,,
1/6/2014,3/10/2014,Season18,The Bachelor,BachelorABC,Bachelornation,Bachelornews,Bachelor2014,BachleorMonday,Bachelorfantasyleague,Bachbracket,Juan,Nikki,Clare,Andi,Renee,Chelsie,Sharleen,Kat,Cassandra,Alli,Danielle,Kelly,Elise,Christy,Lucy,Amy,Chantel,Victoria,Alexis,Ashley,Christine,Kylie,Lacy,Lauren,Maggie,Valerie,,,,,
1/5/2015,3/9/2015,Season19,The Bachelor,BachelorABC,Bachelornation,Bachelornews,Bachelor2015,BachleorMonday,Bachelorfantasyleague,Bachbracket,Chris,Whitney,Becca,Kaitlyn,Jade,Carly,Britt,Megan,Kelsey,Reegan,Mackenzie,Samantha,Ashley,Juelia,Nikki,Jillian,Amber,Tracy,Trina,Alissa,Jordan,Kimberly,Tandra,Tara,Amanda,Bo,Brittany,Kara,Michelle,Nicole,
1/4/2016,3/14/2016,Season20,The Bachelor,BachelorABC,Bachelornation,Bachelornews,Bachelor2016,BachleorMonday,Bachelorfantasyleague,Bachbracket,Ben,Jessica,JoJo,Caila,Amanda,Becca,Emily,Tiara,Olivia,Leah,Jennifer,Jubilee,Amber,Rachel,Haley,Jami,Shushanna,Lace,Jackie,Mandi,Samantha,LB,Laura,Breanne,Lauren,Izzy,Maegan,,,,
1/2/2017,3/13/2017,Season21,The Bachelor,BachelorABC,Bachelornation,Bachelornews,Bachelor2017,BachleorMonday,Bachelorfantasyleague,Bachbracket,Nick,Vanessa,Raven,Rachel,Corinne,Kristina,Susannah,Danielle,Whitney,Michelle,Jaimi,Josephine,Alexis,Taylor,Astrid,Sarah,Brittany,Christen,Dominique,Lacey,Hailey,Elizabeth,Liz,Angela,Jasmine,Olivia,Ida,Briana,Lauren,,
1/1/2018,3/6/2018,Season22,The Bachelor,BachelorABC,Bachelornation,Bachelornews,Bachelor2018,BachleorMonday,Bachelorfantasyleague,Bachbracket,Arie,Becca,Nysha,Kendall,Tia,Bekah,Seinne,Jacqueline,Chelsea,Jenna,Krystal,Ashley,Maquel,Marikh,Brittany,Caroline,Bibiana,Annaliese,Olivia,Jenny,Valerie,Ali,Amber,Bri,Brittane,Jessica,Lauren,,,,
1/7/2019,[current],Season23,The Bachelor,BachelorABC,Bachelornation,Bachelornews,Bachelor2019,BachleorMonday,Bachelorfantasyleague,Bachbracket,Colton,Caelynn,Cassie,Courtney,Demi,Elyse,Tahzjuan,Hannah,Heather,Katie,Kirpa,Nicole,Onyeka,Sydney,Tayshia,Tracy,Bri,Catherine,Nina,Caitlin,Angelique,Annie,Erika,Alex,Devin,Erin,Jane,Laura,Revian,,
