1.0-Negative,1.0-Neutral,1.0-Positive,1.0-Total,1.0-choose,1.0-win,10.0-Negative,10.0-Neutral,10.0-Positive,10.0-Total,10.0-choose,10.0-win,11.0-Negative,11.0-Neutral,11.0-Positive,11.0-Total,11.0-choose,11.0-win,2.0-Negative,2.0-Neutral,2.0-Positive,2.0-Total,2.0-choose,2.0-win,3.0-Negative,3.0-Neutral,3.0-Positive,3.0-Total,3.0-choose,3.0-win,4.0-Negative,4.0-Neutral,4.0-Positive,4.0-Total,4.0-choose,4.0-win,5.0-Negative,5.0-Neutral,5.0-Positive,5.0-Total,5.0-choose,5.0-win,6.0-Negative,6.0-Neutral,6.0-Positive,6.0-Total,6.0-choose,6.0-win,7.0-Negative,7.0-Neutral,7.0-Positive,7.0-Total,7.0-choose,7.0-win,8.0-Negative,8.0-Neutral,8.0-Positive,8.0-Total,8.0-choose,8.0-win,9.0-Negative,9.0-Neutral,9.0-Positive,9.0-Total,9.0-choose,9.0-win,Age,ElimWeek,Hometown,Name,Occupation,Season,firstname
33,392,231,656,4,34,22,84,54,160,0,3,,,,,,,22,131,71,224,2,0,19,97,75,191,0,4,5,24,35,64,0,2,20,65,82,167,0,6,1,0,1,2,0,0,54,216,213,483,0,7,104,533,226,863,0,10,21,21,16,58,0,15,,,,,,14,Colton
2,6,3,11,0,0,,,,0,0,0,,,,,,,,,,0,0,0,,,,0,0,0,,,,0,0,0,,,,0,0,0,,,,0,0,0,,,,0,0,0,,,,47,0,0,,,,0,0,0,,,,,,14,Grant
19,35,45,99,0,0,3,6,1,10,0,0,,,,,,,6,13,28,47,0,2,69,127,103,299,0,4,2,3,2,7,0,0,,,,0,0,0,,,1,1,0,0,,,,5,0,0,3,1,1,5,0,0,0,2,1,3,0,0,,,,,,14,Clay
6,10,12,28,0,3,5,17,7,29,0,0,,,,,,,0,7,4,11,0,1,1,4,3,8,0,1,17,82,36,135,0,2,,,,1,0,0,,,,0,0,0,,,,0,0,0,,,,0,0,0,,,,0,0,0,,,,,,14,Jean Blanc
3,9,15,27,0,0,0,23,7,30,0,0,,,,,,,25,62,30,117,1,11,2,2,0,4,0,0,0,7,3,10,0,0,0,3,7,10,0,1,0,1,2,3,0,0,0,1,3,4,0,0,,,,1,0,0,,,,1,0,0,,,,,,14,Connor
24,423,152,599,0,13,14,126,104,244,0,4,,,,,,,9,109,8,126,0,1,4,11,10,25,0,0,0,5,26,31,0,0,6,15,3,24,0,0,0,3,2,5,0,0,4,5,2,11,0,0,0,6,1,7,0,0,2,12,3,17,0,1,,,,,,14,Joe
6,30,11,47,0,2,3,7,13,23,0,0,,,,,,,4,12,8,24,0,0,0,5,2,7,0,0,0,49,55,104,1,1,16,58,68,142,13,0,,,,1,0,0,1,6,2,9,0,0,,,3,3,0,0,1,1,3,5,0,0,,,,,,14,John
7,29,23,59,0,0,7,4,19,30,0,0,,,,,,,5,44,16,65,1,1,1,8,5,14,0,0,7,19,23,49,0,0,3,11,22,36,0,0,1,4,5,10,0,1,15,91,63,169,1,0,1,1,3,5,0,0,,,,0,0,0,,,,,,14,Leo
119,219,163,501,0,3,49,171,114,334,0,6,,,,,,,102,375,196,673,1,10,74,300,128,502,0,4,50,167,204,421,0,12,147,282,241,670,0,4,,,,0,0,0,0,2,1,3,0,0,0,3,5,8,0,1,15,11,3,29,1,14,,,,,,14,Jordan
,,1,1,0,0,,,,0,0,0,,,,,,,,,,0,0,0,,,,0,0,0,,,,0,0,0,,,,0,0,0,,,,0,0,0,,,,0,0,0,,,,0,0,0,,,,0,0,0,,,,,,14,Rickey
1,34,9,44,0,1,0,2,1,3,0,0,,,,,,,15,14,17,46,0,0,0,4,4,8,0,1,,,,2,0,0,0,2,3,5,0,0,,,,0,0,0,1,3,1,5,0,0,1,1,0,2,0,0,,,,1,0,0,,,,,,14,Alex
8,7,8,23,0,0,1,15,4,20,0,0,,,,,,,1,6,3,10,0,0,3,9,1,13,0,0,4,20,21,45,0,10,6,1,1,8,0,0,,,,1,0,0,1,18,6,25,0,0,3,1,0,4,0,0,0,1,1,2,0,0,,,,,,14,Nick
1,13,9,23,0,0,,,,0,0,0,,,,,,,0,7,3,10,0,0,1,9,27,37,0,0,5,19,2,26,0,0,0,2,1,3,0,1,,,,0,0,0,,,,2,0,0,,,,1,0,0,1,1,0,2,0,0,,,,,,14,Mike
28,99,187,314,1,25,3,20,76,99,3,2,,,,,,,1,16,9,26,0,0,6,11,8,25,1,0,15,85,68,168,2,5,4,10,16,30,0,0,4,3,4,11,0,0,33,65,49,147,1,3,56,93,109,258,2,21,65,301,229,595,9,17,,,,,,14,Garrett
7,41,51,99,0,7,2,30,63,95,4,2,,,,,,,12,70,104,186,1,17,16,25,37,78,0,5,2,55,40,97,0,2,3,37,74,114,0,0,3,5,5,13,0,1,50,281,176,507,4,9,44,207,124,375,15,9,61,347,240,648,11,27,,,,,,14,Blake
4,37,39,80,1,6,4,8,7,19,0,0,,,,,,,77,108,79,264,0,14,0,19,16,35,1,0,79,32,32,143,0,0,7,13,20,40,0,0,0,7,2,9,0,0,2,4,1,7,0,1,,,,0,0,0,3,2,6,11,0,0,,,,,,14,Lincoln
31,30,18,79,0,1,,,,0,0,0,,,,,,,,,1,1,0,0,,,1,1,0,0,,,,1,0,0,,,,0,0,0,,,,0,0,0,,,,0,0,0,,,,0,0,0,,,,1,0,0,,,,,,14,Chase
,,1,1,0,0,,,,0,0,0,,,,,,,,,,0,0,0,,,,0,0,0,,,,0,0,0,,,,0,0,0,,,,0,0,0,,,,0,0,0,,,,0,0,0,,,,0,0,0,,,,,,14,Darius
4,12,8,24,0,0,0,1,2,3,0,0,,,,,,,1,1,1,3,0,0,1,6,5,12,0,0,0,5,13,18,0,0,,,1,1,0,0,,,,0,0,0,,,1,1,0,0,,,,0,0,0,,,,2,0,0,,,,,,14,Ryan
3,9,7,19,0,1,,,,0,0,0,,,,,,,0,1,1,2,0,0,,,,1,0,0,0,9,11,20,0,0,,,,1,0,0,,,,0,0,0,,,,0,0,0,,,,0,0,0,,,,0,0,0,,,,,,14,Christon
0,3,4,7,0,0,9,169,65,243,0,2,,,,,,,0,3,12,15,0,0,2,43,15,60,0,2,8,67,98,173,0,6,20,233,242,495,3,61,2,12,2,16,0,1,39,176,182,397,1,0,2,1,5,8,0,0,1,1,6,8,0,0,,,,,,14,Wills
3,4,9,16,0,0,18,149,135,302,0,10,,,,,,,2,3,3,8,0,0,21,55,48,124,0,1,7,19,11,37,0,2,2,10,7,19,0,1,1,6,6,13,0,0,22,87,96,205,2,16,47,150,212,409,3,47,111,590,333,1034,3,24,,,,,,14,Jason
13,45,20,78,0,0,2,3,2,7,0,0,,,,,,,,,,0,0,0,,,,0,0,0,,,,0,0,0,,,,0,0,0,,,,0,0,0,,,,0,0,0,,,,0,0,0,,,,0,0,0,,,,,,14,Kamil
19,68,36,123,0,2,,,,1,0,0,,,,,,,,,,9,0,0,,,2,2,0,0,,,,1,0,0,,,,0,0,0,,,,0,0,0,,,1,1,0,0,,,,0,0,0,,,,0,0,0,,,,,,14,Jake
3,21,10,34,0,0,,,,0,0,0,,,,,,,0,1,1,2,0,0,2,4,37,43,0,0,,,,1,0,0,4,1,0,5,0,0,,,,0,0,0,1,5,0,6,0,0,,,,1,0,0,,,,2,0,0,,,,,,14,Trent
2,2,3,7,0,0,1,1,1,3,0,0,,,,,,,,,,1,0,0,,,,0,0,0,,,2,2,0,0,,,,0,0,0,,,1,1,0,0,,,,0,0,0,,,1,1,0,0,,,,0,0,0,,,,,,14,Christian
16,5,7,28,0,1,5,24,7,36,0,0,,,,,,,19,16,20,55,0,0,57,249,135,441,0,35,23,60,36,119,0,3,109,106,86,301,0,1,0,2,1,3,0,0,0,1,1,2,0,0,,,10,10,0,0,,,,0,0,0,,,,,,14,David
74,78,41,193,0,1,15,55,33,103,2,0,,,,,,,6,43,13,62,0,1,18,52,30,100,0,0,2,26,16,44,0,2,107,331,147,585,12,14,2,8,4,14,0,0,7,12,12,31,0,1,12,184,39,235,0,1,2,9,8,19,0,0,,,,,,14,Chris
0,21,17,38,0,3,3,5,9,17,0,3,,,,,,,1,40,29,70,0,2,12,21,17,50,0,1,9,61,17,87,0,0,5,36,39,80,0,2,6,44,34,84,1,3,7,40,34,81,3,4,0,3,3,6,0,1,22,61,55,138,2,9,,,,,,13,Peter
5,31,14,50,0,0,,,,2,0,0,,,,,,,2,7,0,9,0,0,1,0,1,2,0,0,6,28,4,38,0,1,3,5,6,14,0,1,6,14,9,29,0,0,,,1,1,0,0,,,,0,0,0,,,,0,0,0,,,,,,13,Josiah
5,16,19,40,1,0,1,5,4,10,0,1,,,,,,,0,3,4,7,0,0,1,6,6,13,0,0,1,15,6,22,0,0,2,38,17,57,0,1,4,8,10,22,0,3,9,33,20,62,0,2,0,1,1,2,0,1,37,58,37,132,2,2,,,,,,13,Bryan
0,5,6,11,0,0,3,11,8,22,0,0,,,,,,,2,3,6,11,0,3,1,10,4,15,0,1,3,30,7,40,0,0,9,26,14,49,0,0,12,40,42,94,0,4,,,,2,0,0,,,,0,0,0,,,,0,0,0,,,,,,13,Kenny
2,2,0,4,0,0,,,1,1,0,0,,,,,,,,,,0,0,0,,,,1,0,0,,,,0,0,0,,,,0,0,0,,,,1,0,0,,,,0,0,0,,,,0,0,0,,,,0,0,0,,,,,,13,Rob
1,3,0,4,0,0,,,2,2,0,0,,,,,,,,,,1,0,0,5,2,2,9,0,1,12,31,11,54,0,0,2,6,1,9,0,0,,,,0,0,0,,,,0,0,0,,,,0,0,0,,,,0,0,0,,,,,,13,Iggy
1,2,0,3,0,0,,,1,1,0,0,,,,,,,,,,0,0,0,2,2,0,4,0,0,,,,0,0,0,,,,0,0,0,,,,0,0,0,,,,0,0,0,,,,0,0,0,,,,0,0,0,,,,,,13,Bryce
1,5,4,10,0,0,0,12,3,15,0,0,,,,,,,0,1,1,2,0,0,0,2,3,5,0,0,2,1,2,5,0,0,4,9,8,21,0,0,11,16,7,34,0,1,,,,1,0,0,,,,0,0,0,1,7,7,15,0,0,,,,,,13,Will
0,3,3,6,0,0,,,,0,0,0,,,,,,,0,3,1,4,0,0,,,,3,0,0,1,10,6,17,0,0,,,,0,0,0,,,,0,0,0,,,,0,0,0,,,,0,0,0,,,,0,0,0,,,,,,13,Diggy
,,,0,0,0,,,,0,0,0,,,,,,,,,,0,0,0,,,,0,0,0,,,,0,0,0,,,,0,0,0,,,,0,0,0,,,,0,0,0,,,,0,0,0,,,,0,0,0,,,,,,13,Kyle
1,20,14,35,0,1,,,,0,0,0,,,,,,,1,0,2,3,0,0,,,,0,0,0,,,,0,0,0,,,,0,0,0,,,,0,0,0,,,,0,0,0,,,,0,0,0,0,1,1,2,0,0,,,,,,13,Blake K.
,,,0,0,0,,,,0,0,0,,,,,,,,,,1,0,0,,,,4,0,0,,,,1,0,0,,,,0,0,0,,,,0,0,0,,,,0,0,0,,,,0,0,0,,,,0,0,0,,,,,,13,Brady
0,5,1,6,0,0,3,47,16,66,0,0,,,,,,,1,10,21,32,0,2,1,4,2,7,0,0,21,92,56,169,0,6,2,19,12,33,0,0,3,14,20,37,0,0,12,37,36,85,2,6,0,3,1,4,0,0,0,20,19,39,1,0,,,,,,13,Dean
0,4,1,5,0,0,0,4,2,6,0,0,,,,,,,,,,2,0,0,16,23,11,50,0,4,3,9,2,14,0,0,2,6,3,11,0,0,6,11,9,26,1,0,7,7,2,16,0,2,,,,1,0,0,9,23,30,62,0,1,,,,,,13,Eric
1,4,0,5,0,0,5,4,3,12,0,0,,,,,,,5,60,13,78,0,0,7,10,3,20,0,0,,,,2,0,0,,,,0,0,0,,,,0,0,0,,,,0,0,0,,,,0,0,0,,,,2,0,0,,,,,,13,DeMario
0,1,3,4,0,0,,,,0,0,0,,,,,,,1,1,11,13,0,0,,,1,1,0,0,,,,0,0,0,,,,0,0,0,,,,0,0,0,,,,0,0,0,,,,0,0,0,,,,0,0,0,,,,,,13,Blake E.
1,15,3,19,0,1,0,2,1,3,0,0,,,,,,,1,1,0,2,0,0,7,20,12,39,0,1,,,,1,0,0,,,,0,0,0,,,,0,0,0,,,,0,0,0,,,,0,0,0,,,,0,0,0,,,,,,13,Fred
0,1,2,3,0,0,,,,0,0,0,,,,,,,,,,0,0,0,0,2,1,3,0,0,,,,0,0,0,,,,1,0,0,,,1,1,0,0,,,,0,0,0,,,,0,0,0,,,,0,0,0,,,,,,13,Jonathan
1,1,0,2,0,0,12,29,18,59,0,0,,,,,,,3,2,8,13,0,0,15,10,10,35,0,3,27,72,47,146,0,3,24,74,25,123,0,3,11,22,14,47,0,2,,,,1,0,0,,,,0,0,0,,,,1,0,0,,,,,,13,Lee
1,3,13,17,0,0,1,12,6,19,0,0,,,,,,,1,0,1,2,0,0,0,10,9,19,0,1,1,4,0,5,0,0,0,1,3,4,0,0,0,3,9,12,0,0,0,2,2,4,0,0,,,,0,0,0,,,1,1,0,0,,,,,,13,Alex
2,5,4,11,0,0,,,,0,0,0,,,,,,,,,,0,0,0,,,,0,0,0,,,,0,0,0,,,,0,0,0,,,,0,0,0,,,,0,0,0,,,,0,0,0,,,,0,0,0,,,,,,13,Milton
8,16,9,33,0,0,1,11,0,12,0,0,,,,,,,1,2,3,6,0,0,0,5,2,7,0,0,1,1,0,2,0,0,0,8,1,9,0,0,2,7,13,22,0,0,14,32,14,60,0,0,,,,0,0,0,,,,0,0,0,,,,,,13,Adam
,,,1,0,0,1,1,0,2,0,0,,,,,,,,,,0,0,0,,,,0,0,0,,,,0,0,0,,,,4,0,0,3,15,19,37,0,1,5,20,17,42,0,3,,,,0,0,0,,,3,3,0,0,,,,,,13,Matt
0,1,1,2,0,0,,,,0,0,0,,,,,,,,,,0,0,0,,,,0,0,0,,,,0,0,0,,,,0,0,0,,,,0,0,0,,,,0,0,0,,,,0,0,0,,,,0,0,0,,,,,,13,Grant
,,,1,0,0,1,4,0,5,0,0,,,,,,,,,,0,0,0,1,5,3,9,0,0,0,3,2,5,0,0,1,0,7,8,0,0,0,4,3,7,0,0,,,,0,0,0,,,,0,0,0,,,,0,0,0,,,,,,13,Anthony
0,1,2,3,0,0,,,,0,0,0,,,,,,,,,,0,0,0,,,,0,0,0,,,,0,0,0,,,,0,0,0,,,,0,0,0,,,,0,0,0,,,,0,0,0,,,,0,0,0,,,,,,13,Jamey
0,6,1,7,0,0,,,,0,0,0,,,,,,,,,,1,0,0,1,0,1,2,0,0,,,,1,0,0,3,6,2,11,0,0,,,,1,0,0,,,,0,0,0,,,,0,0,0,,,,0,0,0,,,,,,13,Jack Stone
0,10,3,13,0,0,,,,0,0,0,,,,,,,,,,0,0,0,,,,0,0,0,,,,0,0,0,,,,0,0,0,,,,0,0,0,,,,0,0,0,,,,0,0,0,,,,0,0,0,,,,,,13,Mohit
,,1,1,0,0,,,,0,0,0,,,,,,,,,,0,0,0,,,,0,0,0,,,,0,0,0,,,,0,0,0,,,1,1,0,0,,,,0,0,0,,,,0,0,0,,,,0,0,0,,,,,,13,Jedidiah
0,3,1,4,0,0,,,,0,0,0,,,,,,,3,5,0,8,0,0,,,,2,0,0,,,,0,0,0,,,,0,0,0,,,,0,0,0,,,,0,0,0,,,,0,0,0,,,,0,0,0,,,,,,13,Michael
16,30,34,80,0,0,,,,1,0,0,,,,,,,11,15,9,35,0,0,12,31,9,52,0,0,,,,1,0,0,,,,0,0,0,,,,0,0,0,,,,0,0,0,,,,0,0,0,,,,0,0,0,,,,,,13,Lucas
145,1447,1170,2762,3,250,46,290,171,507,67,13,,,,,,,26,93,102,221,0,18,3,19,18,40,1,0,416,307,320,1043,3,47,149,638,551,1338,2,28,287,433,428,1148,3,55,206,632,539,1377,9,72,204,773,695,1672,9,36,457,775,914,2146,17,63,27,,"Chico, California",Jordan Rodgers,Former Pro Quarterback,12,Jordan
7,100,39,146,0,38,46,313,164,523,63,56,,,,,,,3,17,32,52,0,2,0,6,2,8,0,0,17,61,73,151,0,1,41,230,380,651,1,9,49,74,79,202,0,5,140,306,310,756,5,24,130,613,447,1190,4,40,429,700,1069,2198,11,33,27,10,"St. Augustine, Florida",Robby Hayes,Former Competitive Swimmer,12,Robby
37,22,20,79,0,1,249,173,246,668,1,7,,,,,,,6,24,42,72,0,3,2,14,14,30,1,1,6,60,43,109,6,4,13,39,104,156,3,5,117,213,251,581,1,27,67,146,134,347,3,7,130,351,429,910,10,66,1043,1511,2215,4769,6,165,27,9,"Castle Rock, Colorado",Chase McNary,Medical Sales Rep,12,Chase
35,425,536,996,6,67,155,435,623,1213,5,16,,,,,,,36,102,118,256,1,9,1,4,7,12,1,0,81,505,493,1079,5,172,34,119,90,243,0,10,69,306,211,586,4,25,46,300,264,610,12,21,381,1346,1233,2960,34,298,627,1535,1424,3586,17,47,31,8,"Burnet, Texas",Luke Pell,War Veteran,12,Luke
39,204,178,421,1,20,4,16,31,51,0,0,,,,,,,28,121,140,289,1,3,15,51,64,130,0,1,29,188,137,354,3,9,31,90,67,188,1,7,270,375,456,1101,5,52,218,417,458,1093,3,19,3,11,4,18,0,0,3,11,11,25,0,0,29,7,"Katy, Texas",James Taylor,Singer-Songwriter,12,James
49,182,124,355,0,23,68,39,42,149,0,0,,,,,,,49,117,107,273,3,8,4,33,71,108,0,1,230,359,298,887,7,10,281,569,520,1370,1,20,170,313,278,761,3,44,223,376,540,1139,3,27,3,12,21,36,0,1,2,7,10,19,0,1,25,7,"Oceanside, California",Alex Woytkiw,U.S. Marine,12,Alex
6,96,40,142,0,2,20,17,14,51,0,0,,,,,,,46,181,143,370,0,8,2,5,7,14,0,0,13,94,68,175,0,8,107,181,209,497,0,5,270,348,341,959,6,23,6,3,19,28,0,0,1,8,3,12,0,0,8,5,4,17,0,0,29,6,"Waverly, Iowa",Derek Peth,Commercial Banker,12,Derek
25,126,159,310,0,10,7,68,64,139,0,0,,,,,,,34,177,143,354,1,13,2,8,7,17,0,0,7,51,38,96,1,4,42,81,177,300,1,6,258,456,548,1262,0,23,5,11,46,62,0,4,5,14,8,27,0,1,7,22,25,54,0,1,31,6,"Monterey, California",Wells Adams,Radio DJ,12,Wells
36,69,41,146,0,3,22,53,35,110,0,3,,,,,,,11,94,27,132,0,0,49,77,84,210,3,3,363,433,369,1165,2,32,309,495,648,1452,2,9,16,23,14,53,0,0,0,6,9,15,0,1,1,6,7,14,0,4,4,6,90,100,0,0,33,5,"Hartford, Connecticut",Evan Bass,Erectile Dysfunction Specialist,12,Evan
9,49,72,130,1,3,1,36,4,41,0,0,,,,,,,17,53,57,127,0,21,7,2,15,24,0,0,10,38,28,76,0,2,17,68,36,121,0,2,0,2,2,4,0,0,0,1,2,3,0,1,,,,1,0,0,,,,1,0,1,27,5,"San Francisco, California",Grant Kemp,Firefighter,12,Grant
,,,0,0,0,,,,0,0,0,,,,,,,,,4,4,0,0,,,,0,0,0,,,,0,0,0,,,,1,0,0,,,,0,0,0,,,,0,0,0,,,,0,0,0,,,,0,0,0,28,5,"Kings Park, New York","Vincent ""Vinny"" Ventiera",Barber,12,Vincent
236,515,408,1159,6,23,1,10,16,27,0,0,,,,,,,28,103,85,216,1,5,20,28,20,68,0,0,13,39,43,95,0,1,70,113,90,273,0,3,0,2,5,7,0,0,2,0,11,13,0,0,42,6,0,48,0,0,10,2,0,12,0,0,31,4,"Lions Bay, British Columbia",Daniel Maguire,Male Model,12,Daniel
39,204,178,421,1,20,4,16,31,51,0,0,,,,,,,28,121,140,289,1,3,15,51,64,130,0,1,29,188,137,354,3,9,31,90,67,188,1,7,270,375,456,1101,5,52,218,417,458,1093,3,19,3,11,4,18,0,0,3,11,11,25,0,0,34,4,"Franklin, Tennessee",James Fuertes,Boxing Club Owner,12,James
232,322,358,912,3,23,113,498,408,1019,13,7,,,,,,,835,1705,1443,3983,3,76,165,404,272,841,2,11,1611,2657,1836,6104,12,98,472,1092,1122,2686,0,21,123,360,285,768,0,6,24,47,48,119,0,6,33,159,48,240,1,0,55,111,129,295,0,3,28,4,"Jenks, Oklahoma",Chad Johnson,Luxury Real Estate Agent,12,Chad
25,142,115,282,1,4,3,4,9,16,0,0,,,,,,,3,20,12,35,0,0,3,4,4,11,0,0,11,109,54,174,0,0,7,35,23,65,0,0,1,40,17,58,0,0,4,8,17,29,0,0,2,6,27,35,0,0,8,5,13,26,0,1,27,3,"Santa Monica, California",Ali Zahiri,Bartender,12,Ali
4,82,66,152,0,2,,,,1,0,0,,,,,,,34,9,7,50,0,2,,,,0,0,0,2,19,9,30,0,0,,,,0,0,0,1,0,2,3,0,0,1,1,0,2,0,0,,,,0,0,0,1,0,3,4,0,0,26,3,"Los Angeles, California",Christian Bishop,Telecom Consultant,12,Christian
9,62,47,118,0,0,11,25,43,79,0,0,,,,,,,6,74,14,94,0,1,,,2,2,0,0,15,26,22,63,0,0,5,12,4,21,0,0,2,12,7,21,0,0,0,11,17,28,0,0,2,6,4,12,0,1,4,4,36,44,0,0,33,3,"Carthage, Illinois",Nick Benvenutti,Electrical Engineer,12,Nick
11,31,17,59,0,0,0,1,2,3,0,0,,,,,,,0,10,6,16,0,6,,,,0,0,0,,,,0,0,0,,,1,1,0,0,,,,0,0,0,,,,0,0,0,,,,0,0,0,,,,0,0,0,28,2,"Marysville, Washington",Brandon Howell,Hipster,12,Brandon
39,204,178,421,1,20,4,16,31,51,0,0,,,,,,,28,121,140,289,1,3,15,51,64,130,0,1,29,188,137,354,3,9,31,90,67,188,1,7,270,375,456,1101,5,52,218,417,458,1093,3,19,3,11,4,18,0,0,3,11,11,25,0,0,27,2,"Phoenix, Arizona",James Spadafore,Bachelor Superfan,12,James
30,98,72,200,0,22,5,48,16,69,0,0,,,,,,,4,12,6,22,0,0,1,3,6,10,0,0,7,32,105,144,0,0,10,34,19,63,0,1,2,14,18,34,0,0,2,7,16,25,0,0,5,20,10,35,0,3,1,15,17,33,0,0,26,2,"Jersey City, New Jersey",Will Haduch,Civil Engineer,12,Will
1,15,4,20,0,0,,,,1,0,0,,,,,,,,,,1,0,0,,,,0,0,0,,,,0,0,0,,,,0,0,0,,,,0,0,0,,,,0,0,0,,,,0,0,0,,,,0,0,0,27,1,"Chicago, Illinois",Coley Knust,Real Estate Consultant,12,Coley
93,376,179,648,1,22,,,,0,0,0,,,,,,,4,1,0,5,0,0,,,,0,0,0,,,,2,0,0,,,,2,0,0,,,,1,0,0,1,1,0,2,0,0,5,2,0,7,0,0,,,3,3,0,0,26,1,"Playa Vista, California",Jake Patton,Landscape Architect,12,Jake
4,7,21,32,0,1,1,3,1,5,0,0,,,,,,,,,,0,0,0,,,,0,0,0,,,,2,0,0,,,,0,0,0,,,,0,0,0,,,,0,0,0,,,,0,0,0,,,,1,0,0,29,1,"Vancouver, British Columbia",Jonathan Hamilton,Technical Sales Rep,12,Jonathan
9,62,47,118,0,0,11,25,43,79,0,0,,,,,,,6,74,14,94,0,1,,,2,2,0,0,15,26,22,63,0,0,5,12,4,21,0,0,2,12,7,21,0,0,0,11,17,28,0,0,2,6,4,12,0,1,4,4,36,44,0,0,26,1,"San Francisco, California",Nick Sharp,Software Salesman,12,Nick
3,32,19,54,0,0,1,0,9,10,0,0,,,,,,,3,5,2,10,0,0,,,,0,0,0,10,11,9,30,0,0,2,7,3,12,0,0,0,11,6,17,0,0,0,5,11,16,0,0,2,6,4,12,0,1,2,2,36,40,0,0,26,1,"Rockdale, Illinois",Peter Medina,Staffing Agency Manager,12,Peter
4,8,19,31,0,4,0,2,2,4,0,0,,,,,,,12,2,2,16,0,0,1,0,16,17,0,0,1,12,6,19,0,0,2,7,7,16,0,1,2,4,2,8,0,1,2,3,1,6,0,0,1,7,0,8,0,0,1,4,15,20,0,0,28,1,"Hubbard, Ohio",Sal DeJulio,Operations Manager,12,Sal
,,,0,0,0,205,378,421,1004,4,34,15,49,213,277,7,12,,,,0,0,0,,,,0,0,0,0,2,1,3,0,0,40,94,97,231,2,12,143,319,374,836,4,28,211,304,256,771,3,29,20,112,12,144,0,0,381,542,778,1701,8,46,28,,"Windsor Locks, Connecticut",Shawn Booth,Personal Trainer,11,Shawn
,,,0,0,0,292,502,523,1317,12,28,27,92,79,198,8,11,,,,0,0,0,,,,0,0,0,2,9,23,34,0,0,258,576,345,1179,1,17,179,339,314,832,0,17,417,602,509,1528,9,26,22,25,19,66,0,1,433,712,559,1704,12,37,34,9,"Waukesha, Wisconsin",Nick Viall,Software Sales Executive,11,Nick
,,,0,0,0,211,948,811,1970,14,17,105,427,515,1047,2,6,,,,0,0,0,,,,0,0,0,0,4,8,12,0,0,7,85,65,157,0,5,20,169,152,341,1,7,21,88,79,188,2,2,10,36,14,60,0,1,89,320,245,654,2,12,26,8,"Warsaw, Indiana",Ben Higgins,Software Salesman,11,Ben
,,,0,0,0,2,9,12,23,0,0,27,199,74,300,0,4,,,,0,0,0,,,,0,0,0,,,,6,0,5,47,50,103,200,0,4,7,24,15,46,0,1,23,39,56,118,2,2,0,11,4,15,0,0,348,313,427,1088,2,5,26,7,"Warwick, Rhode Island",Jared Haibon,Restaurant Manager,11,Jared
,,,0,0,0,0,2,4,6,0,0,2,4,12,18,0,0,,,,0,0,0,,,,0,0,0,,,1,1,0,0,1,13,18,32,0,0,6,13,8,27,0,0,2,18,9,29,0,0,3,1,2,6,0,0,67,145,96,308,0,8,28,7,"Glasgow, Kentucky",Joe Bailey,Insurance Agent,11,Joe
,,,0,0,0,13,41,63,117,1,1,18,69,42,129,2,2,,,,0,0,0,,,,0,0,0,0,16,4,20,1,1,12,122,78,212,0,2,12,19,17,48,0,1,26,58,53,137,2,1,7,14,22,43,0,1,16,36,178,230,1,2,28,7,"Granite Bay, California",Chris Strandburg,Dentist,11,Chris
,,,0,0,0,211,948,811,1970,14,17,105,427,515,1047,2,6,,,,0,0,0,,,,0,0,0,0,4,8,12,0,0,7,85,65,157,0,5,20,169,152,341,1,7,21,88,79,188,2,2,10,36,14,60,0,1,89,320,245,654,2,12,26,6,"Falls Church, Virginia",Ben Zorn,Fitness Coach,11,Ben
,,,0,0,0,,,,0,0,0,2,19,13,34,0,0,,,,0,0,0,,,,0,0,0,,,2,2,0,0,3,12,15,30,0,0,4,21,9,34,0,0,5,44,16,65,0,1,,,,4,0,0,,,,2,0,0,28,6,"Stilwell, Kansas",Tanner Tolbert,Auto Finance Manager,11,Tanner
,,,0,0,0,1,3,2,6,0,0,2,0,2,4,0,0,,,,0,0,0,,,,0,0,0,,,,0,0,0,2,16,2,20,0,0,1,1,1,3,0,0,1,2,1,4,0,0,,,,1,0,0,,,,1,0,0,32,6,"Dacono, Colorado",JJ Lane III,Former Investment Banker,11,J.J.
,,,0,0,0,,,,0,0,0,0,1,2,3,0,0,,,,0,0,0,,,,0,0,0,,,2,2,0,0,0,5,6,11,0,1,64,67,83,214,1,5,19,53,24,96,0,1,,,,0,0,0,0,1,1,2,0,0,31,5,"Kuna, Idaho",Joshua Albers,Industrial Welder,11,Joshua
,,,0,0,0,,,,1,0,0,0,1,1,2,0,0,,,,0,0,0,,,,0,0,0,,,1,1,0,0,4,21,16,41,0,0,4,13,3,20,0,0,2,10,10,22,0,0,,,,0,0,0,,,,4,0,0,28,5,"Elgin, Illinois",Justin Reich,Fitness Trainer,11,Justin
,,,0,0,0,11,14,5,30,0,0,65,128,96,289,0,6,,,,0,0,0,,,,0,0,0,,,1,1,0,0,5,6,16,27,0,0,211,329,359,899,18,11,193,260,224,677,0,7,0,1,4,5,0,0,0,1,1,2,0,0,28,5,"Ramsey, New Jersey",Ian Thomson,Executive Recruiter,11,Ian
,,,0,0,0,,,4,4,0,0,97,199,76,372,0,3,,,,0,0,0,,,,0,0,0,,,,0,0,0,3,9,4,16,0,0,1,3,2,6,0,0,,,1,1,0,0,,,,0,0,0,,,,1,0,0,30,4,"New York, New York",Corey Stansell (NY),Investment Banker,11,Corey
,,,0,0,0,,,,1,0,0,0,5,17,22,0,0,,,,0,0,0,,,,0,0,0,,,,0,0,0,5,10,3,18,0,0,0,3,4,7,0,0,,,,0,0,0,,,,0,0,0,,,,1,0,0,33,4,"Sylvan Lake, Michigan",Jonathan Holloway,Automotive Spokesman,11,Jonathan
,,,0,0,0,15,17,34,66,0,0,7,18,10,35,0,0,,,,0,0,0,,,,0,0,0,,,1,1,0,0,4,29,23,56,0,3,8,27,23,58,0,2,3,10,76,89,0,1,,,,0,0,0,11,19,53,83,0,5,32,4,"Wellington, Florida",Ryan Beckett,Realtor,11,Ryan
,,,0,0,0,0,6,4,10,0,0,25,57,70,152,1,1,,,,0,0,0,,,,0,0,0,0,10,6,16,0,0,87,128,120,335,0,15,2,16,7,25,0,0,0,7,12,19,0,1,0,4,1,5,0,0,2,7,18,27,0,0,27,3,"Batavia, Illinois",Clint Arlis,Architectural Engineer,11,Clint
,,,0,0,0,1,1,1,3,0,0,4,7,4,15,0,0,,,,0,0,0,,,,0,0,0,1,3,2,6,0,0,3,8,10,21,0,0,0,5,4,9,0,0,1,0,2,3,0,0,,,,0,0,0,0,2,1,3,0,0,35,3,"St. Louis, Missouri",Tony Harris,Healer,11,Tony
,,,0,0,0,,,2,2,0,0,2,3,0,5,0,0,,,,0,0,0,,,,0,0,0,,,,0,0,0,,,,1,0,0,,,,0,0,0,,,,0,0,0,,,,0,0,0,,,,1,0,0,35,2,"Seven Springs, North Carolina",Cory Shivar (NC),Residential Developer,11,Cory
,,,0,0,0,1,0,1,2,0,0,,,,1,0,0,,,,0,0,0,,,,0,0,0,,,,0,0,0,,,1,1,0,0,0,1,2,3,0,0,1,2,0,3,0,0,,,,0,0,0,1,1,0,2,0,0,28,2,"Nashville, Tennessee",Daniel Finney,Fashion Designer,11,Daniel
,,,0,0,0,,,,0,0,0,8,26,15,49,0,0,,,,0,0,0,,,,0,0,0,,,,1,0,0,,,,0,0,0,0,1,3,4,0,0,0,1,1,2,0,0,,,,0,0,0,,,,1,0,0,32,2,"Boston, Massachusetts",Kupah James,Entrepreneur,11,Kupah
,,,0,0,0,,,,0,0,0,,,,0,0,0,,,,0,0,0,,,,0,0,0,,,,0,0,0,1,1,0,2,0,1,,,1,1,0,0,,,,0,0,0,,,,0,0,0,,,,0,0,0,25,1,"Duluth, Georgia",Bradley Cox,International Auto Shipper,11,Bradley
,,,0,0,0,0,1,2,3,0,0,,,,0,0,0,,,,0,0,0,,,,0,0,0,,,,0,0,0,,,,1,0,0,0,1,1,2,0,0,,,,0,0,0,,,,0,0,0,1,7,0,8,0,0,28,1,"Orlando, Florida",David X,Real Estate Agent,11,David
,,,0,0,0,3,12,1,16,0,0,0,4,5,9,0,0,,,,0,0,0,,,,0,0,0,,,2,2,0,0,0,14,26,40,0,1,96,114,170,380,1,6,33,69,40,142,0,2,,,,0,0,0,1,3,5,9,0,0,27,1,"Chicago, Illinois",Josh Seiter,Law Student/Exotic Dancer,11,Josh
,,,0,0,0,205,378,421,1004,4,34,15,49,213,277,7,12,,,,0,0,0,,,,0,0,0,0,2,1,3,0,0,40,94,97,231,2,12,143,319,374,836,4,28,211,304,256,771,3,29,20,112,12,144,0,0,381,542,778,1701,8,46,31,1,"London, Ontario",Shawn Evans,Amateur Sex Coach,11,Shawn
,,,0,0,0,12,38,20,70,0,3,2,13,13,28,0,1,,,,0,0,0,,,,0,0,0,0,5,3,8,0,0,10,33,35,78,0,0,0,8,8,16,0,1,4,35,15,54,0,0,,,,1,0,0,8,20,10,38,0,0,33,1,"Wauseon, Ohio",Brady Toops,Singer/Songwriter,11,Brady
,,,0,0,0,15,17,34,66,0,0,7,18,10,35,0,0,,,,0,0,0,,,,0,0,0,,,1,1,0,0,4,29,23,56,0,3,8,27,23,58,0,2,3,10,76,89,0,1,,,,0,0,0,11,19,53,83,0,5,28,1,"Kansas City, Missouri",Ryan McDill,Junkyard Specialist,11,Ryan
32,140,105,277,4,13,85,479,368,932,16,31,45,157,160,362,23,66,17,94,70,181,0,11,16,168,114,298,2,4,19,75,80,174,0,7,0,4,3,7,1,1,51,160,160,371,4,10,124,129,111,364,0,5,65,219,201,485,5,11,105,239,196,540,6,20,29,,"Athens, Georgia",Josh Murray,Former Professional Baseball Player,10,Josh
10,36,55,101,0,0,227,317,407,951,10,24,42,115,38,195,19,4,3,39,22,64,0,2,19,73,56,148,0,2,5,35,28,68,0,1,1,10,15,26,0,0,34,90,54,178,0,9,57,134,77,268,3,4,542,534,662,1738,7,22,154,188,153,495,5,14,33,10,"Waukesha, Wisconsin",Nick Viall,Software Sales Executive,10,Nick
39,103,94,236,3,8,230,1445,700,2375,6,37,59,165,164,388,3,8,23,112,167,302,0,30,2,10,8,20,0,1,65,13,49,127,0,2,2,1,4,7,0,0,6,47,35,88,1,7,30,60,85,175,1,4,100,134,127,361,2,8,84,330,482,896,11,32,32,9,"Lamont, Iowa",Chris Soules,Farmer,10,Chris
5,26,35,66,0,0,7,11,16,34,0,2,45,41,41,127,0,1,4,46,34,84,0,0,15,39,32,86,0,0,32,86,109,227,2,6,,,1,1,0,0,4,18,8,30,1,0,4,22,14,40,0,1,28,103,82,213,3,7,207,265,207,679,6,13,25,8,"Medicine Hat, Alberta",Marcus Grodd,Sports Medicine Manager,10,Marcus
0,14,7,21,0,1,1,0,2,3,0,0,1,8,8,17,0,0,3,3,12,18,0,1,1,3,2,6,0,0,40,47,50,137,2,15,1,0,1,2,0,0,43,92,66,201,0,5,17,19,43,79,0,2,69,85,61,215,0,2,1,8,1,10,0,0,27,7,"Camp Hill, Pennsylvania",Brian Osborne,Basketball Coach,10,Brian
1,20,8,29,0,0,,,,2,0,0,2,17,8,27,0,0,4,1,3,8,0,0,3,2,5,10,0,1,26,57,95,178,0,5,,,,1,0,0,2,9,4,15,0,0,41,68,48,157,0,0,60,61,51,172,0,0,,,1,1,0,0,26,7,"Longmeadow, Massachusetts",Dylan Petitt,Accountant,10,Dylan
,,,0,0,0,,,,0,0,0,2,2,0,4,0,0,,,1,1,0,0,,,,0,0,0,,,,0,0,0,0,1,1,2,0,0,,,,0,0,0,1,0,2,3,0,0,,,,0,0,0,0,1,5,6,0,0,30,6,"Hanover, Massachusetts",JJ O'Brien,Pantsapreneur,10,J.J.
11,33,19,63,0,1,0,8,2,10,0,0,2,9,8,19,0,0,1,13,17,31,0,0,5,29,25,59,0,1,4,14,17,35,0,0,1,5,0,6,0,0,35,56,112,203,1,1,247,285,182,714,0,7,2,2,1,5,0,0,0,3,1,4,0,0,28,6,"Oakley, Kansas",Cody Sattler,Personal Trainer,10,Cody
10,20,54,84,0,1,,,,0,0,0,10,15,9,34,0,0,5,2,3,10,0,0,17,41,40,98,0,0,4,11,4,19,0,0,0,2,1,3,0,0,30,57,68,155,0,1,,,,0,0,0,1,2,1,4,0,0,,,,2,0,0,30,5,"Portola Valley, California",Andrew Poole,Social Media Marketer,10,Andrew
10,62,47,119,0,6,1,7,4,12,0,0,20,117,98,235,0,4,10,21,11,42,0,0,3,11,22,36,0,3,13,74,45,132,0,35,0,2,1,3,0,0,80,312,238,630,5,3,3,5,84,92,0,0,4,6,2,12,0,0,1,2,0,3,0,0,26,5,"Rialto, California",Marquel Martin,Sponsorship Salesman,10,Marquel
13,34,52,99,1,2,,,,0,0,0,1,1,1,3,0,0,5,3,5,13,1,0,5,4,6,15,0,0,3,3,2,8,0,0,0,1,1,2,0,0,1,15,32,48,0,1,1,3,1,5,0,0,0,3,1,4,0,0,,,,0,0,0,29,5,"Clinton, New Jersey",Patrick Jagodzinski,Advertising Executive,10,Patrick
8,25,21,54,0,0,0,3,9,12,0,0,0,1,1,2,0,0,1,13,4,18,1,0,1,2,8,11,0,2,14,155,18,187,0,5,6,4,30,40,0,0,1,2,6,9,0,0,,,,0,0,0,,,,0,0,0,,,,0,0,0,30,4,"Denver, Colorado",Tasos Hernandez,Wedding Event Coordinator,10,Tasos
109,109,227,445,0,19,0,4,6,10,0,0,1,1,1,3,0,0,141,181,405,727,0,43,13,14,30,57,0,0,224,281,355,860,1,18,4,4,10,18,0,0,4,2,2,8,0,0,2,1,2,5,0,0,4,1,3,8,0,1,128,143,48,319,0,4,31,4,"Citrus Heights, California",Eric Hill,Explorer,10,Eric
3,48,6,57,0,0,,,,0,0,0,,,1,1,0,0,3,9,1,13,1,0,14,30,22,66,0,1,3,2,2,7,0,0,,,,0,0,0,2,1,0,3,0,0,,,,0,0,0,,,,0,0,0,,,1,1,0,0,32,3,"Grosse Pointe, Michigan",Bradley Wisk,Opera Singer,10,Bradley
1,38,12,51,0,0,,,,0,0,0,,,,0,0,0,0,6,2,8,0,0,4,6,5,15,0,1,0,1,2,3,0,0,,,,0,0,0,,,,0,0,0,,,,0,0,0,,,,0,0,0,,,,0,0,0,29,3,"Warminster, Pennsylvania",Brett Melnick,Hairstylist,10,Brett
2,6,5,13,0,0,,,,0,0,0,7,1,7,15,0,0,0,6,2,8,0,1,5,7,5,17,0,0,1,6,0,7,0,0,,,,1,0,0,,,,1,0,1,,,,0,0,0,,,,1,0,0,,,,1,0,0,28,3,"Nahariya, Israel",Ron Worrell,Beverage Sales Manager,10,Ron
2,19,21,42,0,0,1,1,3,5,0,0,1,3,1,5,0,0,10,22,28,60,0,3,,,,1,0,0,,,3,3,0,0,,,1,1,0,0,,,,0,0,0,0,2,2,4,0,0,0,1,1,2,0,0,,,,1,0,0,30,2,"Hollywood, California",Carl King,Firefighter,10,Carl
17,15,6,38,0,0,,,7,7,0,0,5,1,0,6,0,0,140,140,159,439,0,2,3,0,1,4,0,0,10,2,5,17,0,0,,,,0,0,0,,,,1,0,0,,,,1,0,0,1,1,0,2,0,1,,,,0,0,0,29,2,"Defiance, Iowa",Craig Muhlbauer,Tax Accountant,10,Craig
10,36,55,101,0,0,227,317,407,951,10,24,42,115,38,195,19,4,3,39,22,64,0,2,19,73,56,148,0,2,5,35,28,68,0,1,1,10,15,26,0,0,34,90,54,178,0,9,57,134,77,268,3,4,542,534,662,1738,7,22,154,188,153,495,5,14,27,2,"Barrington, Illinois",Nick Sutter,Professional Golfer,10,Nick
9,72,11,92,1,1,0,2,3,5,0,0,,,1,1,0,0,3,3,2,8,0,0,0,7,1,8,0,0,0,8,6,14,0,0,,,,3,0,0,1,3,2,6,0,0,2,1,2,5,0,1,1,5,0,6,0,0,0,1,3,4,0,0,33,1,"Portland, Oregon",Emil Schaffroth,Helicopter Pilot,10,Emil
28,29,24,81,0,9,,,3,3,0,0,,,,5,0,0,1,3,4,8,0,0,0,3,2,5,0,0,7,15,27,49,0,3,,,,0,0,0,,,,5,0,0,,,13,13,0,0,0,2,2,4,0,0,1,2,2,5,0,0,35,1,"Sturgeon Bay, Wisconsin",Jason Leep,Urgent Care Physician,10,Jason
32,140,105,277,4,13,85,479,368,932,16,31,45,157,160,362,23,66,17,94,70,181,0,11,16,168,114,298,2,4,19,75,80,174,0,7,0,4,3,7,1,1,51,160,160,371,4,10,124,129,111,364,0,5,65,219,201,485,5,11,105,239,196,540,6,20,29,1,"Evergreen, Colorado",Josh Bauer,Telecommunication Marketer,10,Josh
9,7,7,23,0,1,,,2,2,0,0,,,,1,0,0,7,3,38,48,0,0,0,1,1,2,0,0,,,,2,0,0,,,,0,0,0,,,,5,0,0,,,,0,0,0,,,,0,0,0,,,4,4,0,0,29,1,"Guilderland, New York",Mike Campanelli,Bartender,10,Mike
1,11,7,19,0,0,,,,1,0,0,,,,0,0,0,,,,0,0,0,,,,0,0,0,,,,0,0,0,,,,0,0,0,,,,0,0,0,,,,0,0,0,,,,0,0,0,,,,0,0,0,31,1,"Yorba Linda, California",Rudie Dane,Attorney,10,Rudie
3,10,7,20,0,0,,,,0,0,0,,,,0,0,0,,,1,1,0,0,,,,0,0,0,,,,0,0,0,,,,0,0,0,,,,0,0,0,,,,0,0,0,,,,0,0,0,,,,0,0,0,30,1,"Meadow Vista, California",Steven Woolworth,Snowboard Product Developer,10,Steven
,,,0,0,0,,,,,,,,,,,,,2,7,3,12,0,0,22,12,9,43,0,0,6,9,10,25,0,1,6,33,42,81,2,0,2,13,13,28,0,3,7,95,58,160,4,4,,,,0,0,0,,,,0,0,0,27,,"McMinnville, Oregon",Chris Siegfried,Mortgage Broker,9,Chris
,,,1,0,0,,,,,,,,,,,,,0,9,7,16,0,1,0,1,7,8,0,0,3,5,30,38,0,0,3,9,8,20,0,0,9,51,49,109,0,3,5,38,52,95,3,4,,,,0,0,0,,,,0,0,0,27,10,"Scottsdale, Arizona",Drew Kenney,Digital Marketing Analyst,9,Drew
,,,1,0,0,,,,,,,,,,,,,6,47,99,152,2,4,11,35,25,71,0,2,0,6,7,13,0,2,0,19,17,36,0,3,3,23,21,47,0,2,14,109,55,178,1,3,,,,0,0,0,,,,0,0,0,28,9,"Blackfoot, Idaho",Brooks Forester,Sales & Marketing,9,Brooks
,,,0,0,0,,,,,,,,,,,,,3,3,4,10,0,1,2,3,5,10,0,0,3,7,8,18,2,1,0,4,6,10,0,0,2,25,18,45,0,3,3,7,13,23,0,1,,,,0,0,0,,,,0,0,0,31,8,"Dallas, Texas",Zak Waddell,Drilling Fluid Engineer,9,Zak
,,,0,0,0,,,,,,,,,,,,,3,7,1,11,0,1,3,4,4,11,0,0,1,11,3,15,0,0,20,23,20,63,0,3,10,15,10,35,0,0,13,24,25,62,0,0,,,,0,0,0,,,,0,0,0,33,7,"Lindenhurst, New York",Michael Garofola,Federal Prosecutor,9,Michael
,,,0,0,0,,,,,,,,,,,,,1,7,4,12,0,0,1,9,7,17,0,0,7,17,31,55,0,3,5,16,22,43,0,1,43,89,42,174,1,3,0,1,2,3,0,0,,,,0,0,0,,,,0,0,0,27,6,"Marietta, Georgia",James Case,Advertising Executive,9,James
,,1,1,0,0,,,,,,,,,,,,,0,11,6,17,0,0,4,45,24,73,0,3,1,20,22,43,1,2,0,22,12,34,0,1,16,63,28,107,1,2,1,2,2,5,0,0,,,,0,0,0,,,,0,0,0,31,6,"Barquisimeto, Venezuela",Juan Galavis,Former Pro Soccer Player,9,Juan
,,,0,0,0,,,,,,,,,,,,,2,1,5,8,0,0,3,3,5,11,0,0,0,3,2,5,0,0,1,0,1,2,0,0,3,12,3,18,0,0,,,,0,0,0,,,,0,0,0,,,,0,0,0,29,6,"Tulsa, Oklahoma",Kasey Stewart,Advertising Executive,9,Kasey
,,,0,0,0,,,,,,,,,,,,,4,19,2,25,0,0,3,5,5,13,0,0,1,6,2,9,0,0,2,8,2,12,0,1,1,3,3,7,0,0,,,,1,0,0,,,,0,0,0,,,,0,0,0,30,5,"Glen Ellyn, Illinois",Mikey Tenerelli,Plumbing Contractor,9,Mikey
1,2,2,5,0,0,,,,,,,,,,,,,68,95,129,292,1,4,20,45,40,105,0,2,11,18,22,51,0,0,36,45,36,117,0,3,1,3,2,6,0,0,0,1,1,2,0,0,,,,0,0,0,,,,0,0,0,28,5,"Lubbock, Texas",Ben Scott,Entrepreneur,9,Ben
,,,0,0,0,,,,,,,,,,,,,16,51,54,121,1,3,3,8,21,32,1,2,3,15,9,27,0,0,8,15,13,36,0,0,0,3,2,5,0,0,,,,0,0,0,,,,0,0,0,,,,0,0,0,26,5,"Havre, Montana",Bryden Vukasin,Iraq War Veteran,9,Bryden
,,,0,0,0,,,,,,,,,,,,,0,1,1,2,0,0,,,,0,0,0,0,4,1,5,0,0,,,,0,0,0,0,1,3,4,0,1,0,2,2,4,1,0,,,,0,0,0,,,,0,0,0,28,4,"Phillips Ranch, California",Zack Kalter,Book Publisher,9,Zack
,,,0,0,0,,,,,,,,,,,,,0,1,3,4,0,0,2,4,6,12,0,0,23,9,10,42,0,1,,,1,1,0,0,,,,0,0,0,,,,1,0,0,,,,0,0,0,,,,0,0,0,27,4,"Denver, Colorado",Brad McKinzie,Accountant/DJ,9,Brad
,,,0,0,0,,,,,,,,,,,,,10,33,41,84,0,1,22,44,50,116,0,1,,,,0,0,0,,,,0,0,0,,,,0,0,0,,,,0,0,0,,,,0,0,0,,,,0,0,0,26,3,"Blaine, Minnesota",Brandon Andreen,Painting Contractor,9,Brandon
,,,0,0,0,,,,,,,,,,,,,0,1,2,3,0,0,2,1,2,5,0,0,,,1,1,0,1,,,,0,0,0,0,1,1,2,0,0,,,,1,0,0,,,,0,0,0,,,,0,0,0,30,3,"Dublin, California",Dan Cox,Beverage Sales Director,9,Dan
,,,0,0,0,,,,,,,,,,,,,0,3,2,5,0,0,17,15,9,41,0,0,2,0,1,3,0,0,,,2,2,0,0,,,,0,0,0,,,,0,0,0,,,,0,0,0,,,,0,0,0,29,3,"Olney, Maryland",Brian Jarosinski,Financial Advisor,9,Brian
,,,0,0,0,,,,,,,,,,,,,0,1,1,2,0,0,,,,0,0,0,,,,0,0,0,,,,0,0,0,,,,0,0,0,,,,0,0,0,,,,0,0,0,,,,0,0,0,27,2,"Rochester, New York",Nick Mucci,Investment Adviser,9,Nick
,,,1,0,0,,,,,,,,,,,,,7,9,10,26,0,0,1,1,0,2,0,1,,,1,1,0,0,,,,0,0,0,,,1,1,0,0,,,,0,0,0,,,,0,0,0,,,,0,0,0,30,2,"Glendale, Arizona",Robert Graham,Advertising Entrepreneur,9,Robert
,,,0,0,0,,,,,,,,,,,,,1,6,5,12,0,0,3,6,2,11,0,0,1,2,2,5,0,0,1,6,1,8,0,0,,,,5,0,0,,,1,1,0,0,,,,0,0,0,,,,0,0,0,28,2,"Federal Way, Washington",Will Reese,Banker,9,Will
,,,0,0,0,,,,,,,,,,,,,,,,0,0,0,,,1,1,0,0,,,,0,0,0,,,,0,0,0,,,,0,0,0,,,,0,0,0,,,,0,0,0,,,,0,0,0,29,1,"Penha, Brazil",Diogo Custodio,Ski Resort Manager,9,Diogo
,,,1,0,0,,,,,,,,,,,,,2,5,4,11,0,0,2,4,0,6,0,0,,,,1,0,0,,,,0,0,0,,,,0,0,0,,,,0,0,0,,,,0,0,0,,,,0,0,0,34,1,"Overland Park, Kansas",Larry Burchett,ER Doctor,9,Larry
,,,0,0,0,,,,,,,,,,,,,,,,0,0,0,,,,0,0,0,,,,0,0,0,,,,0,0,0,,,,0,0,0,,,,0,0,0,,,,0,0,0,,,,0,0,0,32,1,"Detroit Lakes, Minnesota",Micah X,Law Student,9,Micah
,,,0,0,0,,,,,,,,,,,,,4,19,2,25,0,0,3,5,7,15,0,0,2,6,5,13,0,0,3,9,3,15,0,1,1,3,3,7,0,0,,,,1,0,0,,,,0,0,0,,,,0,0,0,28,1,"London, England",Mike X,Dental Student,9,Mike
,,,0,0,0,,,,,,,,,,,,,0,1,1,2,0,0,,,,0,0,0,,,,0,0,0,,,,0,0,0,,,,0,0,0,,,,0,0,0,,,,0,0,0,,,,0,0,0,26,1,"Ridgefield, Connecticut",Nick Roy,Tailor/Magician,9,Nick
1,0,2,3,0,0,,,,,,,,,,,,,,,1,1,0,0,,,,0,0,0,,,,0,0,0,,,,0,0,0,,,,0,0,0,,,,0,0,0,,,,0,0,0,,,,0,0,0,26,1,"Hickory, North Carolina",Jonathan Vollinger,Lawyer,9,Jonathan
4,11,19,34,0,1,2,86,18,106,1,4,,,,,,,2,11,38,51,0,0,1,2,1,4,0,0,1,5,10,16,0,1,8,18,32,58,1,1,56,50,74,180,0,2,3,9,11,23,0,0,24,97,103,224,2,5,,,,0,0,0,27,,"St. George, Utah",Jef Holm,Entrepreneur,8,Jef
0,10,11,21,0,0,2,74,16,92,2,3,,,,,,,2,3,2,7,0,0,1,15,19,35,1,2,2,7,10,19,0,2,0,12,9,21,0,0,11,50,50,111,2,2,4,12,6,22,0,1,20,51,52,123,3,6,,,,0,0,0,30,10,"Scottsdale, Arizona","Arie Luyendyk, Jr.",Race Car Driver,8,Arie
,,,2,0,0,1,11,7,19,0,2,,,,,,,,,,1,0,0,2,19,3,24,0,0,0,12,8,20,1,1,3,10,16,29,0,2,9,35,40,84,1,4,3,16,9,28,0,4,103,124,125,352,5,11,,,,0,0,0,28,9,"Irving, Texas",Sean Lowe,Insurance Agent,8,Sean
3,21,9,33,0,1,0,1,2,3,0,0,,,,,,,0,8,2,10,0,0,4,6,4,14,0,0,2,4,3,9,0,1,1,0,2,3,0,0,9,12,12,33,1,2,6,13,6,25,0,0,52,79,44,175,1,9,,,,0,0,0,25,8,"Chicago, Illinois",Chris Bukowski,Corporate Sales Director,8,Chris
1,3,2,6,0,0,,,,0,0,0,,,,,,,,,,0,0,0,,,1,1,0,0,,,,1,0,0,,,,2,0,0,1,4,0,5,0,0,1,3,0,4,0,0,,,,2,0,0,,,,0,0,0,30,7,"Creve Coeur, Missouri",John Wolfner,Data Destruction Specialist,8,John
4,4,12,20,0,1,,,,0,0,0,,,,,,,1,3,4,8,0,0,3,3,5,11,0,0,1,4,7,12,0,0,1,4,4,9,0,1,13,29,17,59,0,0,10,8,5,23,0,2,1,0,2,3,0,1,,,,0,0,0,33,7,"Tacoma, Washington",Doug Clerget,Single Dad/Real Estate Agent,8,Doug
6,8,15,29,0,1,,,,0,0,0,,,,,,,2,15,39,56,1,0,2,2,3,7,0,0,16,17,11,44,0,0,6,15,2,23,0,0,95,244,219,558,0,3,,,,1,0,0,1,1,0,2,0,0,,,,0,0,0,31,6,"Evans, Georgia",Ryan Bowers,Pro Sports Trainer,8,Ryan
3,1,3,7,0,0,,,,0,0,0,,,,,,,,,,1,0,0,,,,0,0,0,,,,0,0,0,0,2,1,3,0,0,16,10,16,42,0,1,,,,0,0,0,,,1,1,0,0,,,,0,0,0,30,6,"Madison, Mississippi",Travis Pope,Advertising Sales Representative,8,Travis
1,1,2,4,0,0,,,,0,0,0,,,,,,,,,1,1,0,0,,,,1,0,0,7,4,2,13,0,0,0,2,4,6,0,0,,,,0,0,0,,,,0,0,0,,,,0,0,0,,,,0,0,0,25,5,"San Francisco, California",Alejandro Velez,Mushroom Farmer,8,Alejandro
1,6,9,16,0,0,,,,0,0,0,,,,,,,6,6,11,23,0,0,2,2,1,5,0,0,0,2,2,4,0,0,12,22,33,67,0,0,,,2,2,0,2,,,,0,0,0,,,,0,0,0,,,,0,0,0,27,5,"Houston, Texas",Kalon McMahon,Luxury Brand Consultant,8,Kalon
0,5,8,13,0,0,,,,0,0,0,,,,,,,1,31,18,50,0,0,1,0,1,2,0,0,7,8,4,19,0,1,,,,0,0,0,,,,0,0,0,,,,0,0,0,,,,0,0,0,,,,0,0,0,32,4,"Worcester, Massachusetts",Charlie Grogan,Recruiter,8,Charlie
2,1,2,5,0,0,,,,0,0,0,,,,,,,,,2,2,0,0,,,,0,0,0,,,,1,0,0,,,,1,0,0,,,,0,0,0,,,,0,0,0,,,1,1,0,0,,,,0,0,0,26,4,"Austin, Texas",Michael Nance,Rehab Counselor,8,Michael
,,,0,0,0,,,,0,0,0,,,,,,,,,,0,0,0,,,,0,0,0,,,,0,0,0,,,,0,0,0,,,,0,0,0,,,,0,0,0,,,,0,0,0,,,,0,0,0,25,4,"Casa Grande, Arizona",Nathan Baake,Accountant,8,Nathan
1,5,2,8,0,0,,,,0,0,0,,,,,,,2,2,2,6,0,0,,,,1,0,0,,,,0,0,0,,,,0,0,0,,,,0,0,0,,,,0,0,0,,,,0,0,0,,,,0,0,0,26,3,"Monroe Township, New Jersey",Stevie Alberino,Party M.C.,8,Stevie
,,,0,0,0,,,,0,0,0,,,,,,,,,,1,0,0,3,2,2,7,0,0,,,,0,0,0,,,,0,0,0,,,,0,0,0,,,,0,0,0,,,,0,0,0,,,,0,0,0,30,3,"Saint Paul, Minnesota",Alessandro Goulart,Grain Merchant,8,Alessandro
4,3,4,11,0,0,,,,0,0,0,,,,,,,2,0,1,3,0,0,,,3,3,0,0,,,,0,0,0,,,,0,0,0,,,,0,0,0,,,1,1,0,0,,,,0,0,0,,,,0,0,0,31,3,"Beaverton, Oregon",Tony Pieper,Single Dad/Lumber Trader,8,Tony
,,,0,0,0,,,,0,0,0,,,,,,,,,,3,0,0,,,,0,0,0,,,,0,0,0,,,,0,0,0,,,,0,0,0,,,,0,0,0,,,,0,0,0,,,,0,0,0,36,2,"North Sydney, Nova Scotia",Aaron Martell,Biology Teacher,8,Aaron
,,,0,0,0,,,,0,0,0,,,,,,,,,,2,0,0,,,,0,0,0,,,,0,0,0,,,,0,0,0,,,,0,0,0,,,,0,0,0,,,,0,0,0,,,,0,0,0,29,2,"Long Beach, California",Kyle Dillon,Financial Adviser,8,Kyle
1,1,0,2,0,0,,,,0,0,0,,,,,,,5,12,3,20,0,0,,,,0,0,0,,,,0,0,0,,,,0,0,0,,,,0,0,0,,,,1,0,0,1,0,1,2,0,0,,,,0,0,0,27,2,"Orlando, Florida",Joe Gendreau,Field Energy Adviser,8,Joe
1,0,1,2,0,0,,,,0,0,0,,,,,,,,,,0,0,0,,,,0,0,0,,,,0,0,0,,,,0,0,0,,,,0,0,0,,,,0,0,0,,,,0,0,0,,,,0,0,0,41,1,"Midland, Texas",Brent Richter,Technology Salesman,8,Brent
0,1,1,2,0,0,,,,0,0,0,,,,,,,,,,0,0,0,,,1,1,0,0,,,1,1,0,0,,,,0,0,0,,,,0,0,0,,,,1,0,1,,,,1,0,0,,,,0,0,0,33,1,"Charlottesville, Virginia",David Homyk,Singer/Songwriter,8,David
12,2,2,16,0,0,,,,0,0,0,,,,,,,,,,0,0,0,,,,0,0,0,,,1,1,0,0,,,,0,0,0,,,,0,0,0,,,,0,0,0,,,,0,0,0,,,,0,0,0,29,1,"Lockport, Illinois",Jackson Longnecker,Fitness Model,8,Jackson
,,,0,0,0,,,,0,0,0,,,,,,,,,,0,0,0,,,,0,0,0,,,,0,0,0,,,,0,0,0,,,,0,0,0,,,,0,0,0,,,,0,0,0,,,,0,0,0,35,1,"Moraga, California",JeanPaul LaCount,Marine Biologist,8,Jean-Paul
0,2,4,6,0,0,,,,0,0,0,,,,,,,,,,0,0,0,,,,0,0,0,,,,0,0,0,,,,0,0,0,,,,0,0,0,,,,0,0,0,,,,0,0,0,,,,0,0,0,29,1,"Laguna Beach, California",Lerone Anu,Real Estate Consultant,8,Lerone
3,1,2,6,0,0,,,,0,0,0,,,,,,,,,,0,0,0,,,,0,0,0,,,,0,0,0,,,,0,0,0,,,,0,0,0,,,,0,0,0,,,,0,0,0,,,,0,0,0,30,1,"Oak Creek, Wisconsin",Randy Woyak,Marketing Manager,8,Randy
